VehicleId,Lat,Lon,WifiSignalStrength,LteSignalStrength,CreateTime
LV518,-33.013911,116.2794081,71,0,2024-03-05T23:59:34.883Z
LV518,-33.0173045,116.2712237,71,10,2024-03-05T23:58:34.861Z
LV518,-33.0205425,116.26341219999999,71,0,2024-03-05T23:57:34.858Z
LV518,-33.0238876,116.25566099999999,71,0,2024-03-05T23:56:34.857Z
LV518,-33.0258959,116.25049969999999,71,29,2024-03-05T23:55:34.624Z
LV518,-33.026394599999996,116.2492894,71,25,2024-03-05T23:54:34.623Z
LV518,-33.0295231,116.24175389999999,71,11,2024-03-05T23:53:34.605Z
LV518,-33.0322263,116.23523809999999,71,15,2024-03-05T23:52:34.604Z
LV518,-33.0353959,116.2280693,71,11,2024-03-05T23:51:34.356Z
LV518,-33.0379554,116.2215356,71,11,2024-03-05T23:50:34.354Z
LV518,-33.0379523,116.2215337,71,11,2024-03-05T23:49:34.350Z
LV518,-33.038905899999996,116.21909889999999,71,0,2024-03-05T23:48:34.370Z
LV518,-33.0421812,116.2111913,71,19,2024-03-05T23:47:34.368Z
LV518,-33.0456538,116.2028356,71,0,2024-03-05T23:46:34.366Z
LV518,-33.049303,116.19395739999999,71,31,2024-03-05T23:45:34.230Z
LV518,-33.052140699999995,116.18708319999999,71,31,2024-03-05T23:44:34.230Z
LV518,-33.0556708,116.1785749,71,31,2024-03-05T23:43:34.137Z
LV518,-33.0575829,116.17392269999999,71,11,2024-03-05T23:42:34.121Z
LV518,-33.0594472,116.1696149,71,30,2024-03-05T23:41:34.120Z
LV518,-33.0624298,116.16261999999999,71,22,2024-03-05T23:40:34.118Z
LV518,-33.062648599999996,116.16092499999999,71,19,2024-03-05T23:38:33.617Z
LV518,-33.0626211,116.1610255,71,24,2024-03-05T23:37:33.608Z
LV518,-33.0626195,116.16102479999999,71,24,2024-03-05T23:36:33.603Z
LV518,-33.062622399999995,116.1610288,71,23,2024-03-05T23:35:33.363Z
LV518,-33.0626211,116.1610288,71,24,2024-03-05T23:34:33.359Z
LV518,-33.062620599999995,116.161028,71,21,2024-03-05T23:33:33.377Z
LV518,-33.0626203,116.16102629999999,71,0,2024-03-05T23:32:33.249Z
LV518,-33.0626217,116.161025,71,0,2024-03-05T23:31:33.134Z
LV518,-33.0626211,116.16102389999999,71,0,2024-03-05T23:30:33.132Z
LV518,-33.0635192,116.160786,71,23,2024-03-05T23:29:33.125Z
LV518,-33.0712431,116.1568411,71,15,2024-03-05T23:28:32.872Z
LV518,-33.0805578,116.15192739999999,71,10,2024-03-05T23:27:32.623Z
LV518,-33.0873209,116.1482001,71,0,2024-03-05T23:26:32.616Z
LV518,-33.0970272,116.1429914,71,0,2024-03-05T23:25:32.365Z
LV518,-33.1042634,116.1391433,71,12,2024-03-05T23:24:32.359Z
LV518,-33.1135089,116.1341368,71,17,2024-03-05T23:23:32.357Z
LV518,-33.121032899999996,116.13015659999999,71,0,2024-03-05T23:22:32.249Z
LV518,-33.1306146,116.1249421,71,0,2024-03-05T23:21:32.118Z
LV518,-33.140589999999996,116.1195767,71,12,2024-03-05T23:20:31.885Z
LV518,-33.1504821,116.11425659999999,71,12,2024-03-05T23:19:31.611Z
LV518,-33.157137999999996,116.11068039999999,71,12,2024-03-05T23:18:31.378Z
LV518,-33.1640809,116.10693219999999,71,0,2024-03-05T23:17:31.372Z
LV518,-33.173062,116.1021069,71,12,2024-03-05T23:16:31.370Z
LV518,-33.179735,116.09851099999999,71,15,2024-03-05T23:15:31.269Z
LV518,-33.189132799999996,116.09345909999999,71,0,2024-03-05T23:14:31.131Z
LV518,-33.195977,116.0897717,71,13,2024-03-05T23:13:31.127Z
LV518,-33.205738499999995,116.08452,71,16,2024-03-05T23:12:31.126Z
LV518,-33.215148899999996,116.0795491,71,22,2024-03-05T23:11:31.122Z
LV518,-33.222113199999995,116.07567879999999,71,20,2024-03-05T23:10:30.872Z
LV518,-33.2277656,116.0726706,71,25,2024-03-05T23:09:30.655Z
LV518,-33.2304977,116.0711832,71,19,2024-03-05T23:08:30.644Z
LV518,-33.2329485,116.0708064,71,22,2024-03-05T23:07:30.614Z
LV518,-33.2334221,116.0692686,71,22,2024-03-05T23:06:30.612Z
LV518,-33.2334301,116.0692715,71,22,2024-03-05T23:05:30.368Z
LV518,-33.233426099999996,116.0692751,71,22,2024-03-05T23:04:30.269Z
LV518,-33.2334277,116.0692727,71,22,2024-03-05T23:03:30.133Z
LV518,-33.2330439,116.070771,71,25,2024-03-05T23:02:29.880Z
LV518,-33.232692,116.07018679999999,71,18,2024-03-05T23:01:29.695Z
LV518,-33.232692,116.07018679999999,71,17,2024-03-05T23:00:29.694Z
LV518,-33.232692,116.07018679999999,71,20,2024-03-05T22:59:29.692Z
LV518,-33.232692,116.07018679999999,71,17,2024-03-05T22:58:29.412Z
LV518,-33.232692,116.07018679999999,71,0,2024-03-05T22:57:29.289Z
LV518,-33.232692,116.07018679999999,71,0,2024-03-05T22:56:29.129Z
LV518,-33.232692,116.07018679999999,71,0,2024-03-05T22:55:29.127Z
LV518,-33.2326925,116.0701859,71,17,2024-03-05T22:54:29.122Z
LV518,-33.2326919,116.070185,71,17,2024-03-05T22:53:28.876Z
LV518,-33.2326912,116.07018459999999,71,17,2024-03-05T22:52:28.875Z
LV518,-33.2326902,116.07018509999999,71,17,2024-03-05T22:51:28.871Z
LV518,-33.2326911,116.07018599999999,71,17,2024-03-05T22:50:28.868Z
LV518,-33.2326917,116.07018649999999,71,17,2024-03-05T22:49:28.865Z
LV518,-33.2326914,116.070184,71,18,2024-03-05T22:48:28.639Z
LV518,-33.232692,116.0701836,71,18,2024-03-05T22:47:28.636Z
LV518,-33.2326914,116.07018,71,18,2024-03-05T22:46:28.627Z
LV518,-33.2326926,116.07018149999999,71,23,2024-03-05T22:45:28.419Z
LV518,-33.233088099999996,116.0705911,71,26,2024-03-05T22:44:28.380Z
LV518,-33.2328117,116.0689555,71,28,2024-03-05T22:43:28.310Z
LV518,-33.2331996,116.06865219999999,71,31,2024-03-05T22:42:28.310Z
LV518,-33.2331996,116.06865219999999,71,31,2024-03-05T22:41:28.138Z
LV518,-33.2331996,116.06865219999999,71,31,2024-03-05T22:40:28.131Z
LV518,-33.2331996,116.06865219999999,71,31,2024-03-05T22:39:27.977Z
LV518,-33.2331996,116.06865219999999,71,22,2024-03-05T22:38:27.970Z
LV518,-33.2331996,116.06865219999999,71,22,2024-03-05T22:37:27.693Z
LV518,-33.2331996,116.06865219999999,71,27,2024-03-05T22:36:27.409Z
LV518,-33.2331996,116.06865219999999,71,23,2024-03-05T22:35:27.310Z
LV518,-33.2331996,116.06865219999999,71,24,2024-03-05T22:34:27.317Z
LV518,-33.2331996,116.06865219999999,71,24,2024-03-05T22:33:27.316Z
LV518,-33.2331996,116.06865219999999,71,22,2024-03-05T22:32:27.131Z
LV518,-33.2331996,116.06865219999999,71,22,2024-03-05T22:31:27.128Z
LV518,-33.2331996,116.06865219999999,71,23,2024-03-05T22:30:27.125Z
LV518,-33.2331996,116.06865219999999,71,22,2024-03-05T22:29:27.123Z
LV518,-33.2331996,116.06865219999999,71,23,2024-03-05T22:28:27.098Z
LV518,-33.2331996,116.06865219999999,71,22,2024-03-05T22:27:26.983Z
LV518,-33.2331996,116.06865219999999,71,27,2024-03-05T22:26:26.980Z
LV518,-33.2331996,116.06865219999999,71,22,2024-03-05T22:25:26.700Z
LV518,-33.2331996,116.06865219999999,71,22,2024-03-05T22:24:26.419Z
LV518,-33.2331996,116.06865219999999,71,23,2024-03-05T22:23:26.416Z
LV518,-33.2331996,116.06865219999999,71,0,2024-03-05T22:22:26.415Z
LV518,-33.2331996,116.06865219999999,71,0,2024-03-05T22:21:26.413Z
LV518,-33.2331996,116.06865219999999,71,0,2024-03-05T22:20:26.405Z
LV518,-33.2331996,116.06865219999999,71,24,2024-03-05T22:19:26.336Z
LV518,-33.2331996,116.06865219999999,71,23,2024-03-05T22:18:26.128Z
LV518,-33.2331996,116.06865219999999,71,23,2024-03-05T22:17:26.119Z
LV518,-33.2331996,116.06865219999999,71,22,2024-03-05T22:16:25.966Z
LV518,-33.2331996,116.06865219999999,71,22,2024-03-05T22:15:25.964Z
LV518,-33.2331996,116.06865219999999,71,22,2024-03-05T22:14:25.968Z
LV518,-33.2331996,116.06865219999999,71,23,2024-03-05T22:13:25.965Z
LV518,-33.2331996,116.06865219999999,71,25,2024-03-05T22:12:25.684Z
LV518,-33.2331996,116.06865219999999,71,22,2024-03-05T22:11:25.683Z
LV518,-33.2331996,116.06865219999999,71,23,2024-03-05T22:10:25.702Z
LV518,-33.2331996,116.06865219999999,71,23,2024-03-05T22:09:25.700Z
LV518,-33.2331996,116.06865219999999,71,22,2024-03-05T22:08:25.695Z
LV518,-33.2331996,116.06865219999999,71,22,2024-03-05T22:07:25.416Z
LV518,-33.2331996,116.06865219999999,71,22,2024-03-05T22:06:25.416Z
LV518,-33.2331996,116.06865219999999,71,23,2024-03-05T22:05:25.360Z
LV518,-33.2331996,116.06865219999999,71,23,2024-03-05T22:04:25.133Z
LV518,-33.2331996,116.06865219999999,71,23,2024-03-05T22:03:25.130Z
LV518,-33.2331996,116.06865219999999,71,26,2024-03-05T22:02:24.973Z
LV518,-33.2331996,116.06865219999999,71,23,2024-03-05T22:01:24.971Z
LV518,-33.2331996,116.06865219999999,71,23,2024-03-05T22:00:24.968Z
LV518,-33.2331996,116.06865219999999,71,22,2024-03-05T21:59:24.690Z
LV518,-33.2331996,116.06865219999999,71,22,2024-03-05T21:58:24.688Z
LV518,-33.2331996,116.06865219999999,71,22,2024-03-05T21:57:24.683Z
LV518,-33.2331996,116.06865219999999,71,22,2024-03-05T21:56:23.408Z
LV518,-33.2331996,116.06865219999999,71,22,2024-03-05T21:55:23.365Z
LV518,-33.2331996,116.06865219999999,71,22,2024-03-05T21:54:23.127Z
LV518,-33.2331996,116.06865219999999,71,22,2024-03-05T21:53:23.124Z
LV518,-33.2331996,116.06865219999999,71,26,2024-03-05T21:52:23.143Z
LV518,-33.2331996,116.06865219999999,71,22,2024-03-05T21:51:23.142Z
LV518,-33.2331996,116.06865219999999,71,22,2024-03-05T21:50:23.139Z
LV518,-33.2331996,116.06865219999999,71,22,2024-03-05T21:49:23.138Z
LV518,-33.2331996,116.06865219999999,71,25,2024-03-05T21:48:22.980Z
LV518,-33.2331996,116.06865219999999,71,0,2024-03-05T21:47:22.977Z
LV518,-33.2331996,116.06865219999999,71,0,2024-03-05T21:46:22.974Z
LV518,-33.2331996,116.06865219999999,71,0,2024-03-05T21:45:22.696Z
LV518,-33.2331996,116.06865219999999,71,22,2024-03-05T21:44:22.691Z
LV518,-33.2331996,116.06865219999999,71,22,2024-03-05T21:43:22.688Z
LV518,-33.2331996,116.06865219999999,71,22,2024-03-05T21:42:22.681Z
LV518,-33.2331996,116.06865219999999,71,22,2024-03-05T21:41:22.405Z
LV518,-33.2331996,116.06865219999999,71,22,2024-03-05T21:40:22.386Z
LV518,-33.2331996,116.06865219999999,71,22,2024-03-05T21:39:22.119Z
LV518,-33.2331996,116.06865219999999,71,22,2024-03-05T21:38:21.962Z
LV518,-33.2332002,116.06865359999999,71,22,2024-03-05T21:37:22.874Z
LV518,-33.233202,116.06865619999999,71,22,2024-03-05T21:36:22.626Z
LV518,-33.2332004,116.0686559,71,22,2024-03-05T21:35:22.399Z
LV518,-33.2332015,116.06865789999999,71,22,2024-03-05T21:34:22.373Z
LV518,-33.233201,116.0686564,71,22,2024-03-05T21:33:22.124Z
LV518,-33.233200499999995,116.06865719999999,71,22,2024-03-05T21:32:22.122Z
LV518,-33.2332021,116.0686583,71,22,2024-03-05T21:31:22.121Z
LV518,-33.233202999999996,116.0686611,71,22,2024-03-05T21:30:22.119Z
LV518,-33.233201199999996,116.0686585,71,22,2024-03-05T21:29:21.863Z
LV518,-33.233201799999996,116.0686569,71,22,2024-03-05T21:28:21.855Z
LV518,-33.2335801,116.06951169999999,71,21,2024-03-05T21:27:21.629Z
LV518,-33.2326924,116.0705181,71,21,2024-03-05T21:26:21.420Z
LV518,-33.2326926,116.07051949999999,71,18,2024-03-05T21:25:21.379Z
LV518,-33.2326918,116.0705212,71,18,2024-03-05T21:24:21.135Z
LV518,-33.2326903,116.07052279999999,71,18,2024-03-05T21:23:20.879Z
LV518,-33.2326896,116.07052279999999,71,18,2024-03-05T21:22:20.875Z
LV518,-33.2326915,116.07052089999999,71,18,2024-03-05T21:21:20.629Z
LV518,-33.232688599999996,116.07051999999999,71,18,2024-03-05T21:20:20.623Z
LV518,-33.232689799999996,116.07052139999999,71,18,2024-03-05T21:19:20.620Z
LV518,-33.2021678,116.0864799,71,12,2024-03-05T21:08:19.624Z
LV518,-33.1939743,116.0909844,71,13,2024-03-05T21:07:19.439Z
LV518,-33.186322499999996,116.09500589999999,71,16,2024-03-05T21:06:19.439Z
LV518,-33.1786223,116.09914239999999,71,12,2024-03-05T21:05:19.370Z
LV518,-33.170949799999995,116.10329139999999,71,15,2024-03-05T21:04:19.364Z
LV518,-33.1628875,116.10770799999999,71,15,2024-03-05T21:03:19.123Z
LV518,-33.1470239,116.11616389999999,71,11,2024-03-05T21:01:18.868Z
LV518,-33.137530999999996,116.1212671,71,11,2024-03-05T21:00:18.859Z
LV518,-33.1108508,116.1356012,71,22,2024-03-05T20:57:18.459Z
LV518,-33.1031956,116.1397542,71,12,2024-03-05T20:56:18.378Z
LV518,-33.094172199999996,116.14456899999999,71,14,2024-03-05T20:55:18.376Z
LV518,-33.0850998,116.1494268,71,12,2024-03-05T20:54:18.132Z
LV518,-33.0790443,116.1526914,71,22,2024-03-05T20:53:18.130Z
LV518,-33.069556299999995,116.15778119999999,71,18,2024-03-05T20:52:18.124Z
LV518,-33.0627905,116.16181429999999,71,30,2024-03-05T20:51:17.876Z
LV518,-33.059528,116.1694934,71,31,2024-03-05T20:50:17.871Z
LV518,-33.056909399999995,116.1758327,71,0,2024-03-05T20:49:17.624Z
LV518,-33.053474,116.18397379999999,71,12,2024-03-05T20:48:17.617Z
LV518,-33.0504637,116.19121849999999,71,12,2024-03-05T20:47:17.459Z
LV518,-33.0468993,116.199895,71,0,2024-03-05T20:46:17.362Z
LV518,-33.0433543,116.2084405,71,17,2024-03-05T20:45:17.356Z
LV518,-33.0401101,116.21627509999999,71,0,2024-03-05T20:44:17.355Z
LV518,-33.0367262,116.22477289999999,71,0,2024-03-05T20:43:17.163Z
LV518,-33.0332678,116.2328345,71,13,2024-03-05T20:42:16.883Z
LV518,-33.0301512,116.2405301,71,0,2024-03-05T20:41:16.878Z
LV518,-33.0251811,116.2550421,71,15,2024-03-05T20:39:16.631Z
LV518,-33.021504,116.26115949999999,71,19,2024-03-05T20:38:16.627Z
LV518,-33.014853599999995,116.2772019,71,0,2024-03-05T20:36:16.619Z
LV518,-33.0085869,116.29230609999999,71,10,2024-03-05T20:34:16.372Z
LV518,-33.0051153,116.3006736,71,16,2024-03-05T20:33:16.372Z
LV518,-33.0020465,116.3080803,71,16,2024-03-05T20:32:16.150Z
LV518,-32.9989683,116.31548839999999,71,0,2024-03-05T20:31:16.121Z
LV518,-32.9955871,116.3236536,71,13,2024-03-05T20:30:15.868Z
LV518,-32.992032699999996,116.3322338,71,9,2024-03-05T20:29:15.885Z
LV518,-32.988596,116.3404978,71,19,2024-03-05T20:28:15.638Z
LV518,-32.9855356,116.3483182,71,23,2024-03-05T20:27:15.629Z
LV518,-32.9823873,116.35540499999999,71,24,2024-03-05T20:26:15.499Z
LV518,-32.9792756,116.36287809999999,71,25,2024-03-05T20:25:15.372Z
LV518,-32.9762463,116.37018529999999,71,26,2024-03-05T20:24:15.138Z
LV518,-32.974081399999996,116.37538479999999,71,26,2024-03-05T20:23:15.136Z
LV518,-32.970610199999996,116.3837178,71,16,2024-03-05T20:22:15.123Z
LV518,-32.9674763,116.39126999999999,71,25,2024-03-05T20:21:14.873Z
LV518,-32.9647715,116.39776529999999,71,17,2024-03-05T20:20:14.641Z
LV518,-32.9617213,116.4050846,71,0,2024-03-05T20:19:14.620Z
LV518,-32.955574299999995,116.4198698,71,15,2024-03-05T20:17:14.500Z
LV518,-32.9531098,116.4259299,71,18,2024-03-05T20:16:14.499Z
LV518,-32.949799299999995,116.43370859999999,71,13,2024-03-05T20:15:14.362Z
LV518,-32.9466459,116.44175919999999,71,31,2024-03-05T20:14:14.375Z
LV518,-32.9435789,116.44865879999999,71,30,2024-03-05T20:13:14.137Z
LV518,-32.9417597,116.4532315,71,26,2024-03-05T20:12:14.131Z
LV518,-32.9418323,116.4533805,71,26,2024-03-05T20:11:13.975Z
LV518,-32.9418323,116.4533805,71,26,2024-03-05T20:10:13.973Z
LV518,-32.9418323,116.4533805,71,26,2024-03-05T20:09:13.693Z
LV518,-32.9418323,116.4533805,71,26,2024-03-05T20:08:13.691Z
LV518,-32.9418323,116.4533805,71,26,2024-03-05T20:07:13.686Z
LV518,-32.9418323,116.4533805,71,26,2024-03-05T20:06:13.528Z
LV518,-32.9418323,116.4533805,71,26,2024-03-05T20:05:13.519Z
LV518,-32.9418323,116.4533805,71,26,2024-03-05T20:04:13.399Z
LV518,-32.9418323,116.4533805,71,26,2024-03-05T20:03:13.393Z
LV518,-32.9418323,116.4533805,71,26,2024-03-05T20:02:13.118Z
LV518,-32.9418323,116.4533805,71,26,2024-03-05T20:01:13.112Z
LV518,-32.9418323,116.4533805,71,26,2024-03-05T20:00:12.961Z
LV518,-32.9418323,116.4533805,71,26,2024-03-05T19:59:12.957Z
LV518,-32.9418323,116.4533805,71,26,2024-03-05T19:58:12.956Z
LV518,-32.9418323,116.4533805,71,26,2024-03-05T19:57:12.957Z
LV518,-32.9418323,116.4533805,71,26,2024-03-05T19:56:12.975Z
LV518,-32.9418323,116.4533805,71,26,2024-03-05T19:55:12.970Z
LV518,-32.9418323,116.4533805,71,26,2024-03-05T19:54:12.693Z
LV518,-32.9418323,116.4533805,71,26,2024-03-05T19:53:12.690Z
LV518,-32.9418323,116.4533805,71,26,2024-03-05T19:52:12.544Z
LV518,-32.9418323,116.4533805,71,26,2024-03-05T19:51:12.411Z
LV518,-32.9418323,116.4533805,71,26,2024-03-05T19:50:12.407Z
LV518,-32.9418323,116.4533805,71,26,2024-03-05T19:49:12.404Z
LV518,-32.9418323,116.4533805,71,26,2024-03-05T19:48:12.399Z
LV518,-32.9418323,116.4533805,71,26,2024-03-05T19:47:12.121Z
LV518,-32.9418323,116.4533805,71,26,2024-03-05T19:46:12.120Z
LV518,-32.9418323,116.4533805,71,26,2024-03-05T19:45:12.115Z
LV518,-32.9418323,116.4533805,71,26,2024-03-05T19:44:11.960Z
LV518,-32.9418323,116.4533805,71,26,2024-03-05T19:43:11.679Z
LV518,-32.9418323,116.4533805,71,26,2024-03-05T19:42:11.676Z
LV518,-32.9418323,116.4533805,71,26,2024-03-05T19:41:11.549Z
LV518,-32.9418323,116.4533805,71,26,2024-03-05T19:40:11.399Z
LV518,-32.9418323,116.4533805,71,26,2024-03-05T19:39:11.402Z
LV518,-32.9418323,116.4533805,71,26,2024-03-05T19:38:11.402Z
LV518,-32.9418323,116.4533805,71,26,2024-03-05T19:37:11.400Z
LV518,-32.9418323,116.4533805,71,26,2024-03-05T19:36:11.399Z
LV518,-32.9418323,116.4533805,71,26,2024-03-05T19:35:11.244Z
LV518,-32.9418323,116.4533805,71,26,2024-03-05T19:34:11.138Z
LV518,-32.9418323,116.4533805,71,26,2024-03-05T19:33:11.133Z
LV518,-32.9418323,116.4533805,71,26,2024-03-05T19:32:10.978Z
LV518,-32.9418323,116.4533805,71,26,2024-03-05T19:31:10.972Z
LV518,-32.9418323,116.4533805,71,26,2024-03-05T19:30:10.970Z
LV518,-32.9418323,116.4533805,71,26,2024-03-05T19:29:10.691Z
LV518,-32.9418323,116.4533805,71,26,2024-03-05T19:28:10.689Z
LV518,-32.9418323,116.4533805,71,26,2024-03-05T19:27:10.574Z
LV518,-32.9418323,116.4533805,71,26,2024-03-05T19:26:10.405Z
LV518,-32.9418323,116.4533805,71,26,2024-03-05T19:25:10.124Z
LV518,-32.9418323,116.4533805,71,26,2024-03-05T19:24:10.119Z
LV518,-32.9418323,116.4533805,71,26,2024-03-05T19:23:09.966Z
LV518,-32.9418323,116.4533805,71,26,2024-03-05T19:22:09.961Z
LV518,-32.9418323,116.4533805,71,26,2024-03-05T19:21:09.958Z
LV518,-32.9418323,116.4533805,71,26,2024-03-05T19:20:09.700Z
LV518,-32.9418323,116.4533805,71,26,2024-03-05T19:19:09.694Z
LV518,-32.9418323,116.4533805,71,26,2024-03-05T19:18:09.693Z
LV518,-32.9418323,116.4533805,71,26,2024-03-05T19:17:09.690Z
LV518,-32.9418323,116.4533805,71,26,2024-03-05T19:16:09.688Z
LV518,-32.9418323,116.4533805,71,26,2024-03-05T19:15:09.595Z
LV518,-32.9418323,116.4533805,71,26,2024-03-05T19:14:09.407Z
LV518,-32.9418323,116.4533805,71,26,2024-03-05T19:13:09.400Z
LV518,-32.9418323,116.4533805,71,26,2024-03-05T19:12:09.123Z
LV518,-32.9418323,116.4533805,71,26,2024-03-05T19:11:09.122Z
LV518,-32.9418323,116.4533805,71,26,2024-03-05T19:10:08.965Z
LV518,-32.9418323,116.4533805,71,26,2024-03-05T19:09:08.962Z
LV518,-32.9418323,116.4533805,71,26,2024-03-05T19:08:08.956Z
LV518,-32.9418323,116.4533805,71,26,2024-03-05T19:07:08.676Z
LV518,-32.9418323,116.4533805,71,26,2024-03-05T19:06:08.675Z
LV518,-32.9418323,116.4533805,71,26,2024-03-05T19:05:07.677Z
LV518,-32.9418323,116.4533805,71,26,2024-03-05T19:04:07.598Z
LV518,-32.9418323,116.4533805,71,26,2024-03-05T19:03:07.398Z
LV518,-32.9418323,116.4533805,71,26,2024-03-05T19:02:07.400Z
LV518,-32.9418323,116.4533805,71,26,2024-03-05T19:01:07.399Z
LV518,-32.9418323,116.4533805,71,26,2024-03-05T19:00:07.416Z
LV518,-32.9418323,116.4533805,71,26,2024-03-05T18:59:07.136Z
LV518,-32.9418323,116.4533805,71,26,2024-03-05T18:58:06.978Z
LV518,-32.9418323,116.4533805,71,26,2024-03-05T18:57:06.696Z
LV518,-32.9418323,116.4533805,71,26,2024-03-05T18:56:06.689Z
LV518,-32.9418323,116.4533805,71,26,2024-03-05T18:55:06.687Z
LV518,-32.9418323,116.4533805,71,26,2024-03-05T18:54:06.687Z
LV518,-32.9418323,116.4533805,71,26,2024-03-05T18:53:06.686Z
LV518,-32.9418323,116.4533805,71,26,2024-03-05T18:52:06.621Z
LV518,-32.9418323,116.4533805,71,26,2024-03-05T18:51:06.406Z
LV518,-32.9418323,116.4533805,71,26,2024-03-05T18:50:06.399Z
LV518,-32.9418323,116.4533805,71,26,2024-03-05T18:49:06.120Z
LV518,-32.9418323,116.4533805,71,26,2024-03-05T18:48:05.962Z
LV518,-32.9418323,116.4533805,71,26,2024-03-05T18:47:05.961Z
LV518,-32.9418323,116.4533805,71,26,2024-03-05T18:46:05.962Z
LV518,-32.9418323,116.4533805,71,26,2024-03-05T18:45:05.961Z
LV518,-32.9418323,116.4533805,71,26,2024-03-05T18:44:05.956Z
LV518,-32.9418323,116.4533805,71,26,2024-03-05T18:43:05.697Z
LV518,-32.9418323,116.4533805,71,26,2024-03-05T18:42:05.645Z
LV518,-32.9418323,116.4533805,71,26,2024-03-05T18:41:05.644Z
LV518,-32.9418323,116.4533805,71,26,2024-03-05T18:40:05.412Z
LV518,-32.9418323,116.4533805,71,26,2024-03-05T18:39:05.407Z
LV518,-32.9418323,116.4533805,71,26,2024-03-05T18:38:05.405Z
LV518,-32.9418323,116.4533805,71,26,2024-03-05T18:37:05.127Z
LV518,-32.9418323,116.4533805,71,26,2024-03-05T18:36:04.966Z
LV518,-32.9418323,116.4533805,71,26,2024-03-05T18:35:04.684Z
LV518,-32.9418323,116.4533805,71,26,2024-03-05T18:34:04.684Z
LV518,-32.9418323,116.4533805,71,26,2024-03-05T18:33:04.681Z
LV518,-32.9418323,116.4533805,71,26,2024-03-05T18:32:04.678Z
LV518,-32.9418323,116.4533805,71,26,2024-03-05T18:31:04.644Z
LV518,-32.9418323,116.4533805,71,26,2024-03-05T18:30:04.396Z
LV518,-32.9418323,116.4533805,71,26,2024-03-05T18:29:04.390Z
LV518,-32.9418323,116.4533805,71,26,2024-03-05T18:28:04.407Z
LV518,-32.9418323,116.4533805,71,26,2024-03-05T18:27:04.128Z
LV518,-32.9418323,116.4533805,71,26,2024-03-05T18:26:03.970Z
LV518,-32.9418323,116.4533805,71,26,2024-03-05T18:25:03.963Z
LV518,-32.9418323,116.4533805,71,26,2024-03-05T18:24:03.810Z
LV518,-32.9418323,116.4533805,71,26,2024-03-05T18:23:03.680Z
LV518,-32.9418323,116.4533805,71,26,2024-03-05T18:22:03.664Z
LV518,-32.9418323,116.4533805,71,26,2024-03-05T18:21:03.399Z
LV518,-32.9418323,116.4533805,71,26,2024-03-05T18:20:03.120Z
LV518,-32.9418323,116.4533805,71,26,2024-03-05T18:19:03.117Z
LV518,-32.9418323,116.4533805,71,26,2024-03-05T18:18:03.117Z
LV518,-32.9418323,116.4533805,71,26,2024-03-05T18:17:03.110Z
LV518,-32.9418323,116.4533805,71,26,2024-03-05T18:16:03.110Z
LV518,-32.9418323,116.4533805,71,26,2024-03-05T18:15:02.957Z
LV518,-32.9418323,116.4533805,71,26,2024-03-05T18:14:02.975Z
LV518,-32.9418323,116.4533805,71,26,2024-03-05T18:13:02.974Z
LV518,-32.9418323,116.4533805,71,26,2024-03-05T18:12:02.969Z
LV518,-32.9418323,116.4533805,71,26,2024-03-05T18:11:02.688Z
LV518,-32.9418323,116.4533805,71,26,2024-03-05T18:10:02.686Z
LV518,-32.9418323,116.4533805,71,26,2024-03-05T18:09:02.684Z
LV518,-32.9418323,116.4533805,71,26,2024-03-05T18:08:02.405Z
LV518,-32.9418323,116.4533805,71,26,2024-03-05T18:07:02.399Z
LV518,-32.9418323,116.4533805,71,26,2024-03-05T18:06:02.122Z
LV518,-32.9418323,116.4533805,71,26,2024-03-05T18:05:02.121Z
LV518,-32.9418323,116.4533805,71,26,2024-03-05T18:04:01.961Z
LV518,-32.9418323,116.4533805,71,26,2024-03-05T18:03:01.959Z
LV518,-32.9418323,116.4533805,71,26,2024-03-05T18:02:01.958Z
LV518,-32.9418323,116.4533805,71,26,2024-03-05T18:01:01.954Z
LV518,-32.9418323,116.4533805,71,26,2024-03-05T18:00:01.684Z
LV518,-32.9418323,116.4533805,71,26,2024-03-05T17:59:01.698Z
LV518,-32.9418323,116.4533805,71,26,2024-03-05T17:58:01.694Z
LV518,-32.9418323,116.4533805,71,26,2024-03-05T17:57:01.692Z
LV518,-32.9418323,116.4533805,71,26,2024-03-05T17:56:01.690Z
LV518,-32.9418323,116.4533805,71,26,2024-03-05T17:55:01.411Z
LV518,-32.9418323,116.4533805,71,26,2024-03-05T17:54:01.407Z
LV518,-32.9418323,116.4533805,71,26,2024-03-05T17:53:01.130Z
LV518,-32.9418323,116.4533805,71,26,2024-03-05T17:52:00.974Z
LV518,-32.9418323,116.4533805,71,26,2024-03-05T17:51:00.704Z
LV518,-32.9418323,116.4533805,71,26,2024-03-05T17:50:00.685Z
LV518,-32.9418323,116.4533805,71,26,2024-03-05T17:49:00.406Z
LV518,-32.9418323,116.4533805,71,26,2024-03-05T17:48:00.403Z
LV518,-32.9418323,116.4533805,71,26,2024-03-05T17:47:00.400Z
LV518,-32.9418323,116.4533805,71,26,2024-03-05T17:46:00.398Z
LV518,-32.9418323,116.4533805,71,26,2024-03-05T17:45:01.401Z
LV518,-32.9418323,116.4533805,71,26,2024-03-05T17:44:01.122Z
LV518,-32.9418323,116.4533805,71,26,2024-03-05T17:43:01.118Z
LV518,-32.9418323,116.4533805,71,26,2024-03-05T17:42:00.962Z
LV518,-32.9418323,116.4533805,71,26,2024-03-05T17:41:00.712Z
LV518,-32.9418323,116.4533805,71,26,2024-03-05T17:40:00.678Z
LV518,-32.9418323,116.4533805,71,26,2024-03-05T17:39:00.682Z
LV518,-32.9418323,116.4533805,71,26,2024-03-05T17:38:00.681Z
LV518,-32.9418323,116.4533805,71,26,2024-03-05T17:37:00.678Z
LV518,-32.9418323,116.4533805,71,26,2024-03-05T17:36:00.399Z
LV518,-32.9418323,116.4533805,71,26,2024-03-05T17:35:00.119Z
LV518,-32.9418323,116.4533805,71,26,2024-03-05T17:34:00.135Z
LV518,-32.9418323,116.4533805,71,26,2024-03-05T17:33:00.129Z
LV518,-32.9418323,116.4533805,71,26,2024-03-05T17:31:59.974Z
LV518,-32.9418323,116.4533805,71,26,2024-03-05T17:30:59.973Z
LV518,-32.9418323,116.4533805,71,26,2024-03-05T17:29:59.739Z
LV518,-32.9418323,116.4533805,71,26,2024-03-05T17:28:59.738Z
LV518,-32.9418323,116.4533805,71,26,2024-03-05T17:27:59.696Z
LV518,-32.9418323,116.4533805,71,26,2024-03-05T17:26:59.690Z
LV518,-32.9418323,116.4533805,71,26,2024-03-05T17:25:59.687Z
LV518,-32.9418323,116.4533805,71,26,2024-03-05T17:24:59.684Z
LV518,-32.9418323,116.4533805,71,26,2024-03-05T17:23:59.410Z
LV518,-32.9418323,116.4533805,71,26,2024-03-05T17:22:59.399Z
LV518,-32.9418323,116.4533805,71,26,2024-03-05T17:21:59.122Z
LV518,-32.9418323,116.4533805,71,26,2024-03-05T17:20:58.964Z
LV518,-32.9418323,116.4533805,71,26,2024-03-05T17:19:58.761Z
LV518,-32.9418323,116.4533805,71,26,2024-03-05T17:18:58.700Z
LV518,-32.9418323,116.4533805,71,26,2024-03-05T17:17:58.696Z
LV518,-32.9418323,116.4533805,71,26,2024-03-05T17:16:58.416Z
LV518,-32.9418323,116.4533805,71,26,2024-03-05T17:15:58.140Z
LV518,-32.9418323,116.4533805,71,26,2024-03-05T17:14:58.137Z
LV518,-32.9418323,116.4533805,71,26,2024-03-05T17:13:58.131Z
LV518,-32.9418323,116.4533805,71,26,2024-03-05T17:12:57.975Z
LV518,-32.9418323,116.4533805,71,26,2024-03-05T17:11:57.973Z
LV518,-32.9418323,116.4533805,71,26,2024-03-05T17:10:57.971Z
LV518,-32.9418323,116.4533805,71,26,2024-03-05T17:09:57.966Z
LV518,-32.9418323,116.4533805,71,26,2024-03-05T17:08:57.758Z
LV518,-32.9418323,116.4533805,71,26,2024-03-05T17:07:57.685Z
LV518,-32.9418323,116.4533805,71,26,2024-03-05T17:06:57.680Z
LV518,-32.9418323,116.4533805,71,26,2024-03-05T17:05:57.524Z
LV518,-32.9418323,116.4533805,71,26,2024-03-05T17:04:57.418Z
LV518,-32.9418323,116.4533805,71,26,2024-03-05T17:03:57.417Z
LV518,-32.9418323,116.4533805,71,26,2024-03-05T17:02:57.413Z
LV518,-32.9418323,116.4533805,71,26,2024-03-05T17:01:57.410Z
LV518,-32.9418323,116.4533805,71,26,2024-03-05T17:00:57.133Z
LV518,-32.9418323,116.4533805,71,26,2024-03-05T16:59:56.975Z
LV518,-32.9418323,116.4533805,71,26,2024-03-05T16:58:56.817Z
LV518,-32.9418323,116.4533805,71,26,2024-03-05T16:57:56.778Z
LV518,-32.9418323,116.4533805,71,26,2024-03-05T16:56:56.690Z
LV518,-32.9418323,116.4533805,71,26,2024-03-05T16:55:56.686Z
LV518,-32.9418323,116.4533805,71,26,2024-03-05T16:54:56.405Z
LV518,-32.9418323,116.4533805,71,26,2024-03-05T16:53:56.404Z
LV518,-32.9418323,116.4533805,71,26,2024-03-05T16:52:56.125Z
LV518,-32.9418323,116.4533805,71,26,2024-03-05T16:51:55.965Z
LV518,-32.9418323,116.4533805,71,26,2024-03-05T16:50:55.965Z
LV518,-32.9418323,116.4533805,71,26,2024-03-05T16:49:55.972Z
LV518,-32.9418323,116.4533805,71,26,2024-03-05T16:48:55.972Z
LV518,-32.9418323,116.4533805,71,26,2024-03-05T16:47:55.793Z
LV518,-32.9418323,116.4533805,71,26,2024-03-05T16:46:55.692Z
LV518,-32.9418323,116.4533805,71,26,2024-03-05T16:45:55.411Z
LV518,-32.9418323,116.4533805,71,26,2024-03-05T16:44:55.410Z
LV518,-32.9418323,116.4533805,71,26,2024-03-05T16:43:55.409Z
LV518,-32.9418323,116.4533805,71,26,2024-03-05T16:42:55.402Z
LV518,-32.9418323,116.4533805,71,26,2024-03-05T16:41:55.125Z
LV518,-32.9418323,116.4533805,71,26,2024-03-05T16:40:55.124Z
LV518,-32.9418323,116.4533805,71,26,2024-03-05T16:39:55.137Z
LV518,-32.9418323,116.4533805,71,26,2024-03-05T16:38:54.980Z
LV518,-32.9418323,116.4533805,71,26,2024-03-05T16:37:54.976Z
LV518,-32.9418323,116.4533805,71,26,2024-03-05T16:36:54.974Z
LV518,-32.9418323,116.4533805,71,26,2024-03-05T16:35:54.971Z
LV518,-32.9418323,116.4533805,71,26,2024-03-05T16:34:54.809Z
LV518,-32.9418323,116.4533805,71,26,2024-03-05T16:33:54.688Z
LV518,-32.9418323,116.4533805,71,26,2024-03-05T16:32:54.407Z
LV518,-32.9418323,116.4533805,71,26,2024-03-05T16:31:54.404Z
LV518,-32.9418323,116.4533805,71,26,2024-03-05T16:30:54.400Z
LV518,-32.941833599999995,116.45338029999999,71,26,2024-03-05T16:29:54.125Z
LV518,-32.941833599999995,116.45338029999999,71,19,2024-03-05T16:28:54.122Z
LV518,-32.941833599999995,116.45338029999999,71,19,2024-03-05T16:27:53.958Z
LV518,-32.941833599999995,116.45338029999999,71,14,2024-03-05T16:26:52.972Z
LV518,-32.941833599999995,116.45338029999999,71,19,2024-03-05T16:25:52.827Z
LV518,-32.941833599999995,116.45338029999999,71,19,2024-03-05T16:24:52.694Z
LV518,-32.941833599999995,116.45338029999999,71,19,2024-03-05T16:23:52.688Z
LV518,-32.941833599999995,116.45338029999999,71,19,2024-03-05T16:22:52.409Z
LV518,-32.941833599999995,116.45338029999999,71,19,2024-03-05T16:21:52.130Z
LV518,-32.941833599999995,116.45338029999999,71,16,2024-03-05T16:20:51.973Z
LV518,-32.941833599999995,116.45338029999999,71,20,2024-03-05T16:19:51.969Z
LV518,-32.941833599999995,116.45338029999999,71,20,2024-03-05T16:18:51.965Z
LV518,-32.941833599999995,116.45338029999999,71,19,2024-03-05T16:17:51.963Z
LV518,-32.941833599999995,116.45338029999999,71,19,2024-03-05T16:16:51.830Z
LV518,-32.941833599999995,116.45338029999999,71,19,2024-03-05T16:15:51.681Z
LV518,-32.941833599999995,116.45338029999999,71,19,2024-03-05T16:14:51.677Z
LV518,-32.941833599999995,116.45338029999999,71,19,2024-03-05T16:13:51.416Z
LV518,-32.941833599999995,116.45338029999999,71,20,2024-03-05T16:12:51.136Z
LV518,-32.941833599999995,116.45338029999999,71,19,2024-03-05T16:11:50.980Z
LV518,-32.941833599999995,116.45338029999999,71,19,2024-03-05T16:10:50.847Z
LV518,-32.941833599999995,116.45338029999999,71,19,2024-03-05T16:09:50.700Z
LV518,-32.941833599999995,116.45338029999999,71,16,2024-03-05T16:08:50.697Z
LV518,-32.941833599999995,116.45338029999999,71,16,2024-03-05T16:07:50.693Z
LV518,-32.941833599999995,116.45338029999999,71,22,2024-03-05T16:06:50.691Z
LV518,-32.941833599999995,116.45338029999999,71,19,2024-03-05T16:05:50.689Z
LV518,-32.941833599999995,116.45338029999999,71,19,2024-03-05T16:04:50.409Z
LV518,-32.941833599999995,116.45338029999999,71,20,2024-03-05T16:03:50.406Z
LV518,-32.941833599999995,116.45338029999999,71,19,2024-03-05T16:02:50.404Z
LV518,-32.941833599999995,116.45338029999999,71,19,2024-03-05T16:01:50.124Z
LV518,-32.941833599999995,116.45338029999999,71,19,2024-03-05T16:00:50.121Z
LV518,-32.941833599999995,116.45338029999999,71,19,2024-03-05T15:59:50.119Z
LV518,-32.941833599999995,116.45338029999999,71,20,2024-03-05T15:58:50.139Z
LV518,-32.941833599999995,116.45338029999999,71,19,2024-03-05T15:57:50.136Z
LV518,-32.941833599999995,116.45338029999999,71,19,2024-03-05T15:56:49.981Z
LV518,-32.941833599999995,116.45338029999999,71,19,2024-03-05T15:55:49.867Z
LV518,-32.941833599999995,116.45338029999999,71,19,2024-03-05T15:54:49.696Z
LV518,-32.941833599999995,116.45338029999999,71,19,2024-03-05T15:53:49.696Z
LV518,-32.941833599999995,116.45338029999999,71,19,2024-03-05T15:52:49.691Z
LV518,-32.941833599999995,116.45338029999999,71,19,2024-03-05T15:51:49.415Z
LV518,-32.941833599999995,116.45338029999999,71,19,2024-03-05T15:50:49.412Z
LV518,-32.941833599999995,116.45338029999999,71,19,2024-03-05T15:49:49.133Z
LV518,-32.941833599999995,116.45338029999999,71,23,2024-03-05T15:48:49.131Z
LV518,-32.941833599999995,116.45338029999999,71,19,2024-03-05T15:47:49.129Z
LV518,-32.941833599999995,116.45338029999999,71,19,2024-03-05T15:46:48.972Z
LV518,-32.941833599999995,116.45338029999999,71,19,2024-03-05T15:45:48.971Z
LV518,-32.941833599999995,116.45338029999999,71,19,2024-03-05T15:44:48.868Z
LV518,-32.941833599999995,116.45338029999999,71,19,2024-03-05T15:43:48.868Z
LV518,-32.941833599999995,116.45338029999999,71,19,2024-03-05T15:42:48.888Z
LV518,-32.941833599999995,116.45338029999999,71,19,2024-03-05T15:41:48.888Z
LV518,-32.941833599999995,116.45338029999999,71,19,2024-03-05T15:40:48.705Z
LV518,-32.941833599999995,116.45338029999999,71,16,2024-03-05T15:39:48.703Z
LV518,-32.941833599999995,116.45338029999999,71,19,2024-03-05T15:38:48.699Z
LV518,-32.941833599999995,116.45338029999999,71,19,2024-03-05T15:37:48.694Z
LV518,-32.941833599999995,116.45338029999999,71,19,2024-03-05T15:36:48.416Z
LV518,-32.941833599999995,116.45338029999999,71,19,2024-03-05T15:35:48.139Z
LV518,-32.941833599999995,116.45338029999999,71,19,2024-03-05T15:34:48.134Z
LV518,-32.941833599999995,116.45338029999999,71,19,2024-03-05T15:33:47.979Z
LV518,-32.941833599999995,116.45338029999999,71,19,2024-03-05T15:32:47.975Z
LV518,-32.941833599999995,116.45338029999999,71,19,2024-03-05T15:31:47.888Z
LV518,-32.941833599999995,116.45338029999999,71,22,2024-03-05T15:30:47.887Z
LV518,-32.941833599999995,116.45338029999999,71,19,2024-03-05T15:29:47.693Z
LV518,-32.941833599999995,116.45338029999999,71,19,2024-03-05T15:28:47.687Z
LV518,-32.9418337,116.4533809,71,19,2024-03-05T15:27:48.628Z
LV518,-32.9418329,116.4533802,71,19,2024-03-05T15:26:48.618Z
LV518,-32.9418317,116.45337769999999,71,19,2024-03-05T15:25:48.375Z
LV518,-32.9418325,116.45337819999999,71,19,2024-03-05T15:24:48.373Z
LV518,-32.9418333,116.45338029999999,71,19,2024-03-05T15:23:48.371Z
LV518,-32.9418343,116.4533776,71,19,2024-03-05T15:22:48.389Z
LV518,-32.9418343,116.45337889999999,71,13,2024-03-05T15:20:48.143Z
LV518,-32.9452044,116.4447343,71,21,2024-03-05T15:16:47.891Z
LV518,-32.9481058,116.4382502,71,21,2024-03-05T15:15:47.879Z
LV518,-32.9510321,116.4307441,71,17,2024-03-05T15:14:47.878Z
LV518,-32.9542545,116.4234894,71,0,2024-03-05T15:13:47.877Z
LV518,-32.9567276,116.4170979,71,19,2024-03-05T15:12:47.627Z
LV518,-32.960063999999996,116.4090457,71,12,2024-03-05T15:11:47.412Z
LV518,-32.9632618,116.401353,71,15,2024-03-05T15:10:47.368Z
LV518,-32.9669082,116.39260469999999,71,26,2024-03-05T15:09:47.156Z
LV518,-32.9699066,116.38538849999999,71,14,2024-03-05T15:08:46.915Z
LV518,-32.9732702,116.3773123,71,28,2024-03-05T15:07:46.914Z
LV518,-32.9756551,116.3718153,71,31,2024-03-05T15:06:46.923Z
LV518,-32.978598999999996,116.3644982,71,17,2024-03-05T15:05:46.883Z
LV518,-32.9818152,116.3567614,71,0,2024-03-05T15:04:46.632Z
LV518,-32.985093299999996,116.3493567,71,0,2024-03-05T15:03:46.389Z
LV518,-32.988126699999995,116.3415905,71,21,2024-03-05T15:02:46.147Z
LV518,-32.991299399999996,116.33396309999999,71,21,2024-03-05T15:01:46.142Z
LV518,-32.9945136,116.3261943,71,16,2024-03-05T15:00:46.141Z
LV518,-32.997079,116.3202013,71,0,2024-03-05T14:59:45.935Z
LV518,-32.9997018,116.31392249999999,71,12,2024-03-05T14:58:45.879Z
LV518,-33.0005394,116.3117573,71,16,2024-03-05T14:57:45.631Z
LV518,-33.0005373,116.3117559,71,16,2024-03-05T14:56:45.629Z
LV518,-33.0005364,116.3117544,71,16,2024-03-05T14:55:45.625Z
LV518,-33.0005361,116.31175549999999,71,16,2024-03-05T14:54:45.622Z
LV518,-33.000534699999996,116.311754,71,16,2024-03-05T14:53:45.621Z
LV518,-33.0005367,116.31175499999999,71,16,2024-03-05T14:52:45.616Z
LV518,-33.000535299999996,116.3117554,71,16,2024-03-05T14:51:45.393Z
LV518,-33.000536,116.3117542,71,16,2024-03-05T14:50:45.390Z
LV518,-33.0013783,116.30966869999999,71,16,2024-03-05T14:49:45.386Z
LV518,-33.0041485,116.3033311,71,14,2024-03-05T14:48:45.384Z
LV518,-33.0066986,116.296825,71,14,2024-03-05T14:47:45.144Z
LV518,-33.0099488,116.28908589999999,71,17,2024-03-05T14:46:44.955Z
LV518,-33.0128793,116.28241539999999,71,0,2024-03-05T14:45:44.955Z
LV518,-33.0155056,116.2755931,71,19,2024-03-05T14:44:44.955Z
LV518,-33.0187666,116.2677282,71,19,2024-03-05T14:43:44.954Z
LV518,-33.0217999,116.26042439999999,71,20,2024-03-05T14:42:44.883Z
LV518,-33.020814699999995,116.2628354,71,24,2024-03-05T14:41:44.879Z
LV518,-33.0167049,116.2727429,71,14,2024-03-05T14:38:44.374Z
LV518,-33.0152031,116.2763667,71,14,2024-03-05T14:37:44.371Z
LV518,-33.0137503,116.27985109999999,71,14,2024-03-05T14:36:44.132Z
LV518,-33.012056799999996,116.2839424,71,14,2024-03-05T14:35:43.974Z
LV518,-33.009378399999996,116.2904112,71,11,2024-03-05T14:33:43.643Z
LV518,-33.0081944,116.2932494,71,11,2024-03-05T14:32:43.388Z
LV518,-33.007989,116.2937539,71,11,2024-03-05T14:31:43.149Z
LV518,-33.0066744,116.2969073,71,11,2024-03-05T14:30:43.147Z
LV518,-33.0054212,116.2999274,71,14,2024-03-05T14:29:43.138Z
LV518,-33.004157,116.30336899999999,71,10,2024-03-05T14:28:42.974Z
LV518,-33.0023268,116.30738679999999,71,15,2024-03-05T14:27:42.883Z
LV518,-33.000973699999996,116.31065,71,18,2024-03-05T14:26:42.877Z
LV518,-32.999594699999996,116.3142003,71,12,2024-03-05T14:25:42.874Z
LV518,-32.998103199999996,116.31756879999999,71,0,2024-03-05T14:24:42.874Z
LV518,-32.9965069,116.32144679999999,71,13,2024-03-05T14:23:42.630Z
LV518,-32.9950486,116.3249336,71,13,2024-03-05T14:22:42.624Z
LV518,-32.9935836,116.32847539999999,71,13,2024-03-05T14:21:42.376Z
LV518,-32.9921163,116.3320054,71,13,2024-03-05T14:20:42.132Z
LV518,-32.9918415,116.332697,71,13,2024-03-05T14:19:41.992Z
LV518,-32.9918415,116.332697,71,13,2024-03-05T14:17:41.981Z
LV518,-32.9918415,116.332697,71,13,2024-03-05T14:16:41.977Z
LV518,-32.9918415,116.332697,71,13,2024-03-05T14:15:41.700Z
LV518,-32.9918413,116.33269759999999,71,13,2024-03-05T14:14:41.630Z
LV518,-32.9918434,116.33269829999999,71,13,2024-03-05T14:12:41.131Z
LV518,-32.9918425,116.3326977,71,13,2024-03-05T14:10:40.993Z
LV518,-32.9918429,116.3326982,71,16,2024-03-05T14:05:40.881Z
LV518,-32.9917569,116.3328767,71,13,2024-03-05T14:04:40.880Z
LV518,-32.989176799999996,116.33907459999999,71,16,2024-03-05T14:02:40.627Z
LV518,-32.9888453,116.3398775,71,26,2024-03-05T14:01:40.622Z
LV518,-32.9873462,116.3434904,71,15,2024-03-05T14:00:40.382Z
LV518,-32.9849981,116.34957349999999,71,17,2024-03-05T13:59:40.374Z
LV518,-32.9835095,116.3529142,71,26,2024-03-05T13:58:40.371Z
LV518,-32.9823552,116.3554597,71,26,2024-03-05T13:57:40.360Z
LV518,-32.9812222,116.3581878,71,15,2024-03-05T13:56:40.325Z
LV518,-32.979985299999996,116.3611639,71,15,2024-03-05T13:55:40.147Z
LV518,-32.978669599999996,116.3643192,71,28,2024-03-05T13:54:40.013Z
LV518,-32.9775591,116.36699399999999,71,28,2024-03-05T13:53:39.862Z
LV518,-32.9764288,116.369726,71,28,2024-03-05T13:52:39.614Z
LV518,-32.975169,116.3729774,71,0,2024-03-05T13:51:39.371Z
LV518,-32.9739687,116.3756341,71,27,2024-03-05T13:50:39.370Z
LV518,-32.972848299999995,116.3783163,71,27,2024-03-05T13:49:39.386Z
LV518,-32.9724785,116.37919459999999,71,28,2024-03-05T13:48:39.385Z
LV518,-32.971395199999996,116.3818232,71,20,2024-03-05T13:47:39.384Z
LV518,-32.970339599999996,116.3843588,71,16,2024-03-05T13:46:39.373Z
LV518,-32.9692405,116.38699779999999,71,0,2024-03-05T13:45:39.134Z
LV518,-32.9680635,116.389821,71,13,2024-03-05T13:44:39.032Z
LV518,-32.9670047,116.39237329999999,71,19,2024-03-05T13:43:38.879Z
LV518,-32.9661319,116.39448429999999,71,26,2024-03-05T13:42:38.868Z
LV518,-32.965119,116.39691119999999,71,21,2024-03-05T13:41:38.867Z
LV518,-32.9640078,116.39956679999999,71,15,2024-03-05T13:40:38.620Z
LV518,-32.9629128,116.4021882,71,15,2024-03-05T13:39:38.615Z
LV518,-32.9618112,116.40483839999999,71,12,2024-03-05T13:38:38.609Z
LV518,-32.9616122,116.4053174,71,12,2024-03-05T13:37:38.606Z
LV518,-32.9609254,116.4069552,71,0,2024-03-05T13:36:38.355Z
LV518,-32.959998,116.40921019999999,71,15,2024-03-05T13:35:38.112Z
LV518,-32.958547599999996,116.4127065,71,13,2024-03-05T13:33:37.884Z
LV518,-32.9574928,116.41523889999999,71,16,2024-03-05T13:32:37.631Z
LV518,-32.9563579,116.41796889999999,71,31,2024-03-05T13:31:37.628Z
LV518,-32.9551574,116.4213108,71,31,2024-03-05T13:30:37.377Z
LV518,-32.953484599999996,116.4251481,71,26,2024-03-05T13:29:37.133Z
LV518,-32.9523267,116.42764559999999,71,31,2024-03-05T13:28:37.130Z
LV518,-32.951245199999995,116.430222,71,31,2024-03-05T13:27:37.126Z
LV518,-32.9501966,116.4327241,71,16,2024-03-05T13:26:37.052Z
LV518,-32.9490976,116.4353685,71,13,2024-03-05T13:25:36.862Z
LV518,-32.9480018,116.4384628,71,16,2024-03-05T13:24:36.622Z
LV518,-32.946443099999996,116.44173599999999,71,21,2024-03-05T13:23:36.405Z
LV518,-32.9457137,116.44349129999999,71,18,2024-03-05T13:22:36.372Z
LV518,-32.944919899999995,116.445394,71,18,2024-03-05T13:21:36.369Z
LV518,-32.943992099999996,116.44762139999999,71,25,2024-03-05T13:20:36.365Z
LV518,-32.941911499999996,116.4527006,71,19,2024-03-05T13:18:36.052Z
LV518,-32.9418145,116.4533822,71,26,2024-03-05T13:17:34.970Z
LV518,-32.9418145,116.4533822,71,26,2024-03-05T13:16:34.970Z
LV518,-32.9418145,116.4533822,71,26,2024-03-05T13:15:34.970Z
LV518,-32.9418145,116.4533822,71,26,2024-03-05T13:14:34.967Z
LV518,-32.9418145,116.4533822,71,26,2024-03-05T13:13:34.688Z
LV518,-32.9418145,116.4533822,71,26,2024-03-05T13:12:34.684Z
LV518,-32.9418145,116.4533822,71,16,2024-03-05T13:11:34.680Z
LV518,-32.9418145,116.4533822,71,19,2024-03-05T13:10:34.411Z
LV518,-32.9418145,116.4533822,71,19,2024-03-05T13:09:34.405Z
LV518,-32.9418145,116.4533822,71,16,2024-03-05T13:08:34.125Z
LV518,-32.9418145,116.4533822,71,19,2024-03-05T13:07:34.069Z
LV518,-32.9418145,116.4533822,71,19,2024-03-05T13:06:33.964Z
LV518,-32.9418145,116.4533822,71,19,2024-03-05T13:05:33.959Z
LV518,-32.9418145,116.4533822,71,14,2024-03-05T13:04:33.679Z
LV518,-32.9418145,116.4533822,71,19,2024-03-05T13:03:33.677Z
LV518,-32.9418145,116.4533822,71,19,2024-03-05T13:02:33.692Z
LV518,-32.9418145,116.4533822,71,19,2024-03-05T13:01:33.414Z
LV518,-32.9418145,116.4533822,71,16,2024-03-05T13:00:33.134Z
LV518,-32.9418145,116.4533822,71,19,2024-03-05T12:59:33.132Z
LV518,-32.9418145,116.4533822,71,19,2024-03-05T12:58:33.131Z
LV518,-32.9418145,116.4533822,71,19,2024-03-05T12:57:33.090Z
LV518,-32.9418145,116.4533822,71,19,2024-03-05T12:56:32.974Z
LV518,-32.9418145,116.4533822,71,19,2024-03-05T12:55:32.693Z
LV518,-32.9418145,116.4533822,71,19,2024-03-05T12:54:32.688Z
LV518,-32.9418145,116.4533822,71,19,2024-03-05T12:53:32.531Z
LV518,-32.9418145,116.4533822,71,13,2024-03-05T12:52:32.407Z
LV518,-32.9418145,116.4533822,71,16,2024-03-05T12:51:32.403Z
LV518,-32.9418145,116.4533822,71,16,2024-03-05T12:50:32.401Z
LV518,-32.9418145,116.4533822,71,19,2024-03-05T12:49:32.400Z
LV518,-32.9418145,116.4533822,71,19,2024-03-05T12:48:32.121Z
LV518,-32.9418145,116.4533822,71,19,2024-03-05T12:47:32.118Z
LV518,-32.9418145,116.4533822,71,16,2024-03-05T12:46:32.138Z
LV518,-32.9418145,116.4533822,71,19,2024-03-05T12:45:32.132Z
LV518,-32.9418145,116.4533822,71,16,2024-03-05T12:44:32.130Z
LV518,-32.9418145,116.4533822,71,16,2024-03-05T12:43:32.116Z
LV518,-32.9418145,116.4533822,71,16,2024-03-05T12:42:31.974Z
LV518,-32.9418145,116.4533822,71,19,2024-03-05T12:41:31.969Z
LV518,-32.9418145,116.4533822,71,19,2024-03-05T12:40:31.967Z
LV518,-32.9418145,116.4533822,71,19,2024-03-05T12:39:31.688Z
LV518,-32.9418145,116.4533822,71,14,2024-03-05T12:38:31.405Z
LV518,-32.9418145,116.4533822,71,16,2024-03-05T12:37:31.403Z
LV518,-32.9418145,116.4533822,71,19,2024-03-05T12:36:31.402Z
LV518,-32.9418145,116.4533822,71,16,2024-03-05T12:35:31.249Z
LV518,-32.9418145,116.4533822,71,16,2024-03-05T12:34:31.122Z
LV518,-32.9418145,116.4533822,71,19,2024-03-05T12:33:31.122Z
LV518,-32.9418145,116.4533822,71,0,2024-03-05T12:32:31.115Z
LV518,-32.9418145,116.4533822,71,0,2024-03-05T12:31:31.110Z
LV518,-32.9418145,116.4533822,71,0,2024-03-05T12:30:30.959Z
LV518,-32.9418145,116.4533822,71,19,2024-03-05T12:29:30.681Z
LV518,-32.9418145,116.4533822,71,19,2024-03-05T12:28:30.676Z
LV518,-32.9418145,116.4533822,71,19,2024-03-05T12:27:30.402Z
LV518,-32.9418145,116.4533822,71,19,2024-03-05T12:26:30.401Z
LV518,-32.9418145,116.4533822,71,16,2024-03-05T12:25:30.392Z
LV518,-32.9418145,116.4533822,71,19,2024-03-05T12:24:30.119Z
LV518,-32.9418145,116.4533822,71,19,2024-03-05T12:23:30.128Z
LV518,-32.9418145,116.4533822,71,16,2024-03-05T12:22:30.127Z
LV518,-32.9418145,116.4533822,71,19,2024-03-05T12:21:30.123Z
LV518,-32.9418145,116.4533822,71,19,2024-03-05T12:20:30.118Z
LV518,-32.9418145,116.4533822,71,20,2024-03-05T12:19:30.117Z
LV518,-32.9418145,116.4533822,71,14,2024-03-05T12:18:30.116Z
LV518,-32.9418145,116.4533822,71,19,2024-03-05T12:17:29.960Z
LV518,-32.9418145,116.4533822,71,22,2024-03-05T12:16:29.679Z
LV518,-32.9418145,116.4533822,71,19,2024-03-05T12:15:29.675Z
LV518,-32.9418145,116.4533822,71,20,2024-03-05T12:14:29.674Z
LV518,-32.9418145,116.4533822,71,19,2024-03-05T12:13:29.394Z
LV518,-32.9418145,116.4533822,71,19,2024-03-05T12:12:29.132Z
LV518,-32.9418138,116.45338299999999,71,19,2024-03-05T12:11:30.145Z
LV518,-32.9418143,116.4533822,71,16,2024-03-05T12:10:30.129Z
LV518,-32.941813499999995,116.45338149999999,71,19,2024-03-05T12:09:30.126Z
LV518,-32.9418095,116.4533785,71,19,2024-03-05T12:08:29.897Z
LV518,-32.9418126,116.4533814,71,19,2024-03-05T12:07:29.865Z
LV518,-32.941814799999996,116.45337959999999,71,16,2024-03-05T12:06:29.618Z
LV518,-32.9418119,116.453384,71,16,2024-03-05T12:05:29.618Z
LV518,-32.941813499999995,116.45338149999999,71,16,2024-03-05T12:04:29.615Z
LV518,-32.9418139,116.45337749999999,71,19,2024-03-05T12:03:29.613Z
LV518,-32.947201299999996,116.4403687,71,19,2024-03-05T11:59:29.355Z
LV518,-32.9503184,116.43241929999999,71,31,2024-03-05T11:58:29.166Z
LV518,-32.9536307,116.4249352,71,0,2024-03-05T11:57:29.165Z
LV518,-32.956085699999996,116.41857879999999,71,0,2024-03-05T11:56:29.129Z
LV518,-32.9595133,116.410491,71,0,2024-03-05T11:55:29.127Z
LV518,-32.9623889,116.4034373,71,14,2024-03-05T11:54:29.125Z
LV518,-32.9656945,116.3954825,71,19,2024-03-05T11:53:29.115Z
LV518,-32.9684662,116.388802,71,14,2024-03-05T11:52:28.866Z
LV518,-32.9694873,116.3863354,71,14,2024-03-05T11:51:28.617Z
LV518,-32.971353,116.38188629999999,71,20,2024-03-05T11:50:28.371Z
LV518,-32.9747969,116.37362739999999,71,30,2024-03-05T11:49:28.362Z
LV518,-32.9775706,116.3669419,71,15,2024-03-05T11:48:28.360Z
LV518,-32.9805376,116.35979239999999,71,15,2024-03-05T11:47:28.165Z
LV518,-32.983151,116.35349599999999,71,0,2024-03-05T11:46:28.116Z
LV518,-32.9861678,116.34647059999999,71,17,2024-03-05T11:45:27.881Z
LV518,-32.9895978,116.3379734,71,21,2024-03-05T11:44:27.853Z
LV518,-32.9967091,116.3210544,71,12,2024-03-05T11:42:27.605Z
LV518,-32.999754599999996,116.31359339999999,71,9,2024-03-05T11:41:27.379Z
LV518,-33.0031423,116.3055198,71,12,2024-03-05T11:40:27.186Z
LV518,-33.0061952,116.29800089999999,71,0,2024-03-05T11:39:27.185Z
LV518,-33.009603,116.28998849999999,71,12,2024-03-05T11:38:27.126Z
LV518,-33.0130586,116.28194599999999,71,15,2024-03-05T11:37:27.124Z
LV518,-33.016164599999996,116.2739629,71,12,2024-03-05T11:36:27.121Z
LV518,-33.0228833,116.2583547,71,0,2024-03-05T11:34:26.862Z
LV518,-33.025293399999995,116.2519662,71,20,2024-03-05T11:33:26.861Z
LV518,-33.0282182,116.2449156,71,12,2024-03-05T11:32:26.858Z
LV518,-33.0310348,116.2381025,71,12,2024-03-05T11:31:26.855Z
LV518,-33.0345359,116.2297146,71,11,2024-03-05T11:30:26.632Z
LV518,-33.0377612,116.22187079999999,71,11,2024-03-05T11:29:26.602Z
LV518,-33.0409904,116.2143141,71,14,2024-03-05T11:28:26.357Z
LV518,-33.0410503,116.214061,71,0,2024-03-05T11:27:26.185Z
LV518,-33.0477633,116.19772429999999,71,31,2024-03-05T11:25:26.105Z
LV518,-33.0512855,116.1894026,71,31,2024-03-05T11:24:25.874Z
LV518,-33.0543939,116.181659,71,31,2024-03-05T11:23:25.868Z
LV518,-33.0574684,116.17422619999999,71,0,2024-03-05T11:22:25.616Z
LV518,-33.0607854,116.16659279999999,71,0,2024-03-05T11:21:25.376Z
LV518,-33.064853,116.160338,71,0,2024-03-05T11:20:25.206Z
LV518,-33.073995599999996,116.1553522,71,14,2024-03-05T11:19:25.205Z
LV518,-33.090929599999996,116.1462651,71,11,2024-03-05T11:17:24.868Z
LV518,-33.1003069,116.14121829999999,71,12,2024-03-05T11:16:24.644Z
LV518,-33.1082233,116.1369744,71,18,2024-03-05T11:15:24.364Z
LV518,-33.1233462,116.12885539999999,71,13,2024-03-05T11:13:24.206Z
LV518,-33.1330562,116.12361949999999,71,13,2024-03-05T11:12:24.116Z
LV518,-33.1422537,116.1186759,71,0,2024-03-05T11:11:23.859Z
LV518,-33.1432743,116.1181091,71,11,2024-03-05T11:10:23.613Z
LV518,-33.1545823,116.11207379999999,71,11,2024-03-05T11:08:23.605Z
LV518,-33.1631771,116.10751499999999,71,0,2024-03-05T11:07:23.378Z
LV518,-33.1716599,116.10286169999999,71,12,2024-03-05T11:06:23.373Z
LV518,-33.179491299999995,116.0986417,71,13,2024-03-05T11:05:23.367Z
LV518,-33.1886957,116.09369509999999,71,0,2024-03-05T11:04:23.365Z
LV518,-33.1964337,116.0895079,71,12,2024-03-05T11:03:23.226Z
LV518,-33.2062436,116.0842406,71,13,2024-03-05T11:02:23.226Z
LV518,-33.2153737,116.0794269,71,28,2024-03-05T11:01:23.226Z
LV518,-33.2227792,116.0753438,71,23,2024-03-05T11:00:23.225Z
LV518,-33.228626399999996,116.0722109,71,26,2024-03-05T10:59:23.122Z
LV518,-33.2323714,116.07038299999999,71,23,2024-03-05T10:58:23.111Z
LV518,-33.2323946,116.0703126,71,20,2024-03-05T10:57:22.862Z
LV518,-33.2326579,116.0705064,71,20,2024-03-05T10:56:22.680Z
LV518,-33.232658,116.0705069,71,20,2024-03-05T10:55:22.610Z
LV518,-33.2326574,116.0705069,71,20,2024-03-05T10:54:22.360Z
LV518,-33.2326561,116.0705083,71,20,2024-03-05T10:53:22.359Z
LV518,-33.2326577,116.07050609999999,71,20,2024-03-05T10:52:22.225Z
LV518,-33.232657599999996,116.0705057,71,20,2024-03-05T10:51:22.116Z
LV518,-33.2326554,116.0705053,71,20,2024-03-05T10:50:22.108Z
LV518,-33.2326537,116.07050509999999,71,20,2024-03-05T10:49:21.872Z
LV518,-33.232655199999996,116.0705071,71,20,2024-03-05T10:48:21.866Z
LV518,-33.2326547,116.0705078,71,0,2024-03-05T10:47:21.622Z
LV518,-33.2331583,116.0686405,71,31,2024-03-05T10:44:21.245Z
LV518,-33.2331583,116.0686405,71,31,2024-03-05T10:43:21.126Z
LV518,-33.2331583,116.0686405,71,31,2024-03-05T10:42:21.123Z
LV518,-33.2331583,116.0686405,71,31,2024-03-05T10:41:21.120Z
LV518,-33.2331583,116.0686405,71,31,2024-03-05T10:40:20.964Z
LV518,-33.2331583,116.0686405,71,31,2024-03-05T10:39:20.962Z
LV518,-33.2331583,116.0686405,71,31,2024-03-05T10:38:20.684Z
LV518,-33.2331583,116.0686405,71,31,2024-03-05T10:37:20.683Z
LV518,-33.2331583,116.0686405,71,31,2024-03-05T10:36:20.678Z
LV518,-33.2331583,116.0686405,71,31,2024-03-05T10:35:20.401Z
LV518,-33.2331583,116.0686405,71,31,2024-03-05T10:34:20.400Z
LV518,-33.2331583,116.0686405,71,31,2024-03-05T10:33:20.397Z
LV518,-33.2331583,116.0686405,71,31,2024-03-05T10:32:20.396Z
LV518,-33.2331583,116.0686405,71,31,2024-03-05T10:31:20.412Z
LV518,-33.2331583,116.0686405,71,31,2024-03-05T10:30:20.409Z
LV518,-33.2331583,116.0686405,71,31,2024-03-05T10:29:20.265Z
LV518,-33.2331583,116.0686405,71,31,2024-03-05T10:28:20.130Z
LV518,-33.2331583,116.0686405,71,31,2024-03-05T10:27:19.972Z
LV518,-33.2331583,116.0686405,71,31,2024-03-05T10:26:19.968Z
LV518,-33.2331583,116.0686405,71,31,2024-03-05T10:25:19.687Z
LV518,-33.2331583,116.0686405,71,31,2024-03-05T10:24:19.683Z
LV518,-33.2331583,116.0686405,71,31,2024-03-05T10:23:19.681Z
LV518,-33.2331583,116.0686405,71,31,2024-03-05T10:22:19.401Z
LV518,-33.2331583,116.0686405,71,31,2024-03-05T10:21:19.396Z
LV518,-33.2331583,116.0686405,71,31,2024-03-05T10:20:19.267Z
LV518,-33.2331583,116.0686405,71,31,2024-03-05T10:19:19.114Z
LV518,-33.2331583,116.0686405,71,31,2024-03-05T10:18:18.958Z
LV518,-33.2331583,116.0686405,71,31,2024-03-05T10:17:18.954Z
LV518,-33.2331583,116.0686405,71,31,2024-03-05T10:16:18.676Z
LV518,-33.2331583,116.0686405,71,31,2024-03-05T10:15:18.676Z
LV518,-33.2331583,116.0686405,71,31,2024-03-05T10:14:18.395Z
LV518,-33.2331583,116.0686405,71,31,2024-03-05T10:13:18.392Z
LV518,-33.2331583,116.0686405,71,0,2024-03-05T10:12:18.275Z
LV518,-33.2331583,116.0686405,71,0,2024-03-05T10:11:18.121Z
LV518,-33.2331583,116.0686405,71,0,2024-03-05T10:10:18.118Z
LV518,-33.2331583,116.0686405,71,23,2024-03-05T10:09:17.958Z
LV518,-33.2331583,116.0686405,71,23,2024-03-05T10:08:17.679Z
LV518,-33.2331583,116.0686405,71,23,2024-03-05T10:07:17.678Z
LV518,-33.2331583,116.0686405,71,23,2024-03-05T10:06:17.670Z
LV518,-33.2331583,116.0686405,71,23,2024-03-05T10:05:17.668Z
LV518,-33.2331583,116.0686405,71,24,2024-03-05T10:04:17.394Z
LV518,-33.2331583,116.0686405,71,23,2024-03-05T10:03:17.388Z
LV518,-33.2331583,116.0686405,71,24,2024-03-05T10:02:17.295Z
LV518,-33.2331583,116.0686405,71,24,2024-03-05T10:01:17.130Z
LV518,-33.2331583,116.0686405,71,24,2024-03-05T10:00:17.126Z
LV518,-33.2331583,116.0686405,71,24,2024-03-05T09:59:17.125Z
LV518,-33.2331583,116.0686405,71,25,2024-03-05T09:58:17.123Z
LV518,-33.2331583,116.0686405,71,25,2024-03-05T09:57:16.971Z
LV518,-33.2331583,116.0686405,71,25,2024-03-05T09:56:16.965Z
LV518,-33.2331583,116.0686405,71,23,2024-03-05T09:55:16.683Z
LV518,-33.2331583,116.0686405,71,23,2024-03-05T09:54:16.683Z
LV518,-33.2331583,116.0686405,71,25,2024-03-05T09:53:16.682Z
LV518,-33.2331583,116.0686405,71,23,2024-03-05T09:52:16.401Z
LV518,-33.2331583,116.0686405,71,23,2024-03-05T09:51:16.399Z
LV518,-33.2331583,116.0686405,71,23,2024-03-05T09:50:16.396Z
LV518,-33.2331583,116.0686405,71,23,2024-03-05T09:49:16.295Z
LV518,-33.2331583,116.0686405,71,23,2024-03-05T09:48:16.118Z
LV518,-33.2331583,116.0686405,71,23,2024-03-05T09:47:15.963Z
LV518,-33.2331583,116.0686405,71,23,2024-03-05T09:46:15.955Z
LV518,-33.2331583,116.0686405,71,23,2024-03-05T09:45:15.951Z
LV518,-33.2331583,116.0686405,71,23,2024-03-05T09:44:15.672Z
LV518,-33.2331583,116.0686405,71,23,2024-03-05T09:43:15.393Z
LV518,-33.2331583,116.0686405,71,23,2024-03-05T09:42:15.392Z
LV518,-33.2331583,116.0686405,71,23,2024-03-05T09:41:15.304Z
LV518,-33.2331583,116.0686405,71,23,2024-03-05T09:40:15.118Z
LV518,-33.2331583,116.0686405,71,23,2024-03-05T09:39:15.117Z
LV518,-33.2331583,116.0686405,71,23,2024-03-05T09:38:15.116Z
LV518,-33.2331583,116.0686405,71,23,2024-03-05T09:37:15.112Z
LV518,-33.2331583,116.0686405,71,23,2024-03-05T09:36:14.957Z
LV518,-33.2331583,116.0686405,71,23,2024-03-05T09:35:14.678Z
LV518,-33.2331583,116.0686405,71,23,2024-03-05T09:34:14.669Z
LV518,-33.2331583,116.0686405,71,23,2024-03-05T09:33:14.392Z
LV518,-33.2331583,116.0686405,71,23,2024-03-05T09:32:14.391Z
LV518,-33.2331583,116.0686405,71,23,2024-03-05T09:31:14.316Z
LV518,-33.2331583,116.0686405,71,23,2024-03-05T09:30:14.121Z
LV518,-33.2331583,116.0686405,71,23,2024-03-05T09:29:13.966Z
LV518,-33.2331583,116.0686405,71,23,2024-03-05T09:28:13.963Z
LV518,-33.2331583,116.0686405,71,23,2024-03-05T09:27:13.683Z
LV518,-33.2331583,116.0686405,71,23,2024-03-05T09:26:13.683Z
LV518,-33.2331583,116.0686405,71,23,2024-03-05T09:25:13.679Z
LV518,-33.2331583,116.0686405,71,23,2024-03-05T09:24:13.401Z
LV518,-33.2331583,116.0686405,71,23,2024-03-05T09:23:13.317Z
LV518,-33.2331583,116.0686405,71,23,2024-03-05T09:22:13.316Z
LV518,-33.2331583,116.0686405,71,24,2024-03-05T09:21:13.126Z
LV518,-33.2331583,116.0686405,71,24,2024-03-05T09:20:12.969Z
LV518,-33.2331583,116.0686405,71,24,2024-03-05T09:19:12.689Z
LV518,-33.2331583,116.0686405,71,24,2024-03-05T09:18:12.687Z
LV518,-33.2331583,116.0686405,71,24,2024-03-05T09:17:12.684Z
LV518,-33.2331583,116.0686405,71,24,2024-03-05T09:16:12.682Z
LV518,-33.2331583,116.0686405,71,24,2024-03-05T09:15:12.403Z
LV518,-33.2331583,116.0686405,71,24,2024-03-05T09:14:12.400Z
LV518,-33.2331583,116.0686405,71,24,2024-03-05T09:13:12.324Z
LV518,-33.2331583,116.0686405,71,26,2024-03-05T09:12:12.129Z
LV518,-33.2331583,116.0686405,71,26,2024-03-05T09:11:11.970Z
LV518,-33.2331583,116.0686405,71,26,2024-03-05T09:10:11.966Z
LV518,-33.23316,116.068637,71,26,2024-03-05T09:09:11.867Z
LV518,-33.233159799999996,116.06863299999999,71,26,2024-03-05T09:08:11.867Z
LV518,-33.2331596,116.06863539999999,71,26,2024-03-05T09:07:11.865Z
LV518,-33.23316,116.0686348,71,26,2024-03-05T09:06:11.618Z
LV518,-33.2331599,116.06863519999999,71,26,2024-03-05T09:05:11.367Z
LV518,-33.23316,116.0686346,71,26,2024-03-05T09:04:11.358Z
LV518,-33.2331608,116.0686343,71,26,2024-03-05T09:03:11.335Z
LV518,-33.2331619,116.0686315,71,26,2024-03-05T09:02:11.141Z
LV518,-33.233162199999995,116.068631,71,26,2024-03-05T09:01:11.141Z
LV518,-33.2331626,116.06863249999999,71,26,2024-03-05T09:00:11.138Z
LV518,-33.2334125,116.06915149999999,71,22,2024-03-05T08:59:11.126Z
LV518,-33.2349312,116.06810089999999,71,26,2024-03-05T08:58:10.888Z
LV518,-33.2379333,116.0680613,71,26,2024-03-05T08:57:10.887Z
LV518,-33.2409768,116.0680309,71,31,2024-03-05T08:56:10.642Z
LV518,-33.2409617,116.0674722,71,29,2024-03-05T08:55:10.614Z
LV518,-33.239143999999996,116.06753769999999,71,28,2024-03-05T08:54:10.367Z
LV518,-33.2390712,116.06753739999999,71,28,2024-03-05T08:53:10.354Z
LV518,-33.238890999999995,116.0675005,71,28,2024-03-05T08:52:10.354Z
LV518,-33.236032,116.06752379999999,71,25,2024-03-05T08:51:10.119Z
LV518,-33.234162399999995,116.0681788,71,28,2024-03-05T08:50:09.863Z
LV518,-33.2330752,116.0693831,71,22,2024-03-05T08:49:09.862Z
LV518,-33.233015099999996,116.06979679999999,71,18,2024-03-05T08:48:09.851Z
LV518,-33.2333496,116.069762,71,16,2024-03-05T08:46:09.365Z
LV518,-33.2329321,116.0693081,71,23,2024-03-05T08:45:09.354Z
LV518,-33.2331578,116.0686372,71,31,2024-03-05T08:44:09.120Z
LV518,-33.2331578,116.0686372,71,31,2024-03-05T08:43:08.965Z
LV518,-33.2331578,116.0686372,71,31,2024-03-05T08:42:08.965Z
LV518,-33.2331578,116.0686372,71,31,2024-03-05T08:41:08.964Z
LV518,-33.2331578,116.0686372,71,31,2024-03-05T08:40:07.694Z
LV518,-33.2331578,116.0686372,71,31,2024-03-05T08:39:07.691Z
LV518,-33.2331578,116.0686372,71,31,2024-03-05T08:38:07.687Z
LV518,-33.2331578,116.0686372,71,31,2024-03-05T08:37:07.408Z
LV518,-33.2331578,116.0686372,71,31,2024-03-05T08:36:07.402Z
LV518,-33.2331578,116.0686372,71,31,2024-03-05T08:35:07.365Z
LV518,-33.2331578,116.0686372,71,31,2024-03-05T08:34:07.365Z
LV518,-33.2331578,116.0686372,71,31,2024-03-05T08:33:07.364Z
LV518,-33.2331578,116.0686372,71,31,2024-03-05T08:32:07.118Z
LV518,-33.2331578,116.0686372,71,31,2024-03-05T08:31:06.963Z
LV518,-33.2331578,116.0686372,71,13,2024-03-05T08:30:06.693Z
LV518,-33.2331578,116.0686372,71,31,2024-03-05T08:29:06.689Z
LV518,-33.2331578,116.0686372,71,31,2024-03-05T08:28:06.413Z
LV518,-33.2331578,116.0686372,71,25,2024-03-05T08:27:06.409Z
LV518,-33.2331578,116.0686372,71,26,2024-03-05T08:26:06.377Z
LV518,-33.2331578,116.0686372,71,25,2024-03-05T08:25:06.133Z
LV518,-33.2331578,116.0686372,71,25,2024-03-05T08:24:06.132Z
LV518,-33.2331578,116.0686372,71,25,2024-03-05T08:23:06.129Z
LV518,-33.2331578,116.0686372,71,24,2024-03-05T08:22:06.126Z
LV518,-33.2331578,116.0686372,71,25,2024-03-05T08:21:05.968Z
LV518,-33.2331578,116.0686372,71,25,2024-03-05T08:20:05.688Z
LV518,-33.2331578,116.0686372,71,25,2024-03-05T08:19:05.526Z
LV518,-33.2331578,116.0686372,71,24,2024-03-05T08:18:05.406Z
LV518,-33.2331578,116.0686372,71,24,2024-03-05T08:17:05.378Z
LV518,-33.2331578,116.0686372,71,25,2024-03-05T08:16:05.125Z
LV518,-33.2331578,116.0686372,71,25,2024-03-05T08:15:04.986Z
LV518,-33.2331578,116.0686372,71,25,2024-03-05T08:14:04.985Z
LV518,-33.2331578,116.0686372,71,25,2024-03-05T08:13:04.980Z
LV518,-33.2331578,116.0686372,71,29,2024-03-05T08:12:04.704Z
LV518,-33.2331578,116.0686372,71,24,2024-03-05T08:11:04.703Z
LV518,-33.2331578,116.0686372,71,28,2024-03-05T08:10:04.698Z
LV518,-33.2331578,116.0686372,71,25,2024-03-05T08:09:04.423Z
LV518,-33.2331578,116.0686372,71,24,2024-03-05T08:08:04.421Z
LV518,-33.2331578,116.0686372,71,24,2024-03-05T08:07:04.414Z
LV518,-33.2331578,116.0686372,71,24,2024-03-05T08:06:04.398Z
LV518,-33.2331578,116.0686372,71,24,2024-03-05T08:05:04.397Z
LV518,-33.2331578,116.0686372,71,23,2024-03-05T08:04:04.256Z
LV518,-33.2331578,116.0686372,71,23,2024-03-05T08:03:03.974Z
LV518,-33.2331578,116.0686372,71,26,2024-03-05T08:02:03.694Z
LV518,-33.2331578,116.0686372,71,24,2024-03-05T08:01:03.688Z
LV518,-33.2331578,116.0686372,71,24,2024-03-05T08:00:03.410Z
LV518,-33.2331578,116.0686372,71,24,2024-03-05T07:59:03.406Z
LV518,-33.2331578,116.0686372,71,24,2024-03-05T07:58:03.398Z
LV518,-33.2331578,116.0686372,71,24,2024-03-05T07:57:03.125Z
LV518,-33.2331578,116.0686372,71,24,2024-03-05T07:56:03.120Z
LV518,-33.2331578,116.0686372,71,23,2024-03-05T07:55:03.119Z
LV518,-33.2331578,116.0686372,71,24,2024-03-05T07:54:02.962Z
LV518,-33.2331578,116.0686372,71,24,2024-03-05T07:53:03.979Z
LV518,-33.2331578,116.0686372,71,25,2024-03-05T07:52:03.977Z
LV518,-33.2331578,116.0686372,71,25,2024-03-05T07:51:03.974Z
LV518,-33.2331578,116.0686372,71,25,2024-03-05T07:50:03.694Z
LV518,-33.2331578,116.0686372,71,25,2024-03-05T07:49:03.690Z
LV518,-33.2331578,116.0686372,71,24,2024-03-05T07:48:03.688Z
LV518,-33.2331578,116.0686372,71,24,2024-03-05T07:47:03.415Z
LV518,-33.2331578,116.0686372,71,24,2024-03-05T07:46:03.413Z
LV518,-33.2331578,116.0686372,71,24,2024-03-05T07:45:03.409Z
LV518,-33.2331578,116.0686372,71,25,2024-03-05T07:44:03.406Z
LV518,-33.2331578,116.0686372,71,28,2024-03-05T07:43:03.126Z
LV518,-33.2331578,116.0686372,71,24,2024-03-05T07:42:03.125Z
LV518,-33.2331578,116.0686372,71,24,2024-03-05T07:41:02.968Z
LV518,-33.2331578,116.0686372,71,28,2024-03-05T07:40:02.967Z
LV518,-33.2331578,116.0686372,71,24,2024-03-05T07:39:02.965Z
LV518,-33.2331578,116.0686372,71,24,2024-03-05T07:38:02.688Z
LV518,-33.2331578,116.0686372,71,24,2024-03-05T07:37:02.686Z
LV518,-33.2331578,116.0686372,71,24,2024-03-05T07:36:02.415Z
LV518,-33.2331578,116.0686372,71,24,2024-03-05T07:35:02.406Z
LV518,-33.2331578,116.0686372,71,24,2024-03-05T07:34:02.403Z
LV518,-33.2331578,116.0686372,71,24,2024-03-05T07:33:02.402Z
LV518,-33.2331578,116.0686372,71,24,2024-03-05T07:32:02.126Z
LV518,-33.2331578,116.0686372,71,24,2024-03-05T07:31:02.124Z
LV518,-33.2331578,116.0686372,71,27,2024-03-05T07:30:02.124Z
LV518,-33.2331578,116.0686372,71,26,2024-03-05T07:29:01.990Z
LV518,-33.2331578,116.0686372,71,26,2024-03-05T07:28:01.710Z
LV518,-33.2331578,116.0686372,71,28,2024-03-05T07:27:01.704Z
LV518,-33.2331566,116.0686374,71,24,2024-03-05T07:26:01.439Z
LV518,-33.2331563,116.0686369,71,27,2024-03-05T07:25:01.387Z
LV518,-33.233155599999996,116.068637,71,24,2024-03-05T07:24:01.383Z
LV518,-33.233154899999995,116.06863879999999,71,27,2024-03-05T07:23:01.140Z
LV518,-33.2331553,116.06863949999999,71,24,2024-03-05T07:22:00.881Z
LV518,-33.233155499999995,116.06863919999999,71,27,2024-03-05T07:21:00.661Z
LV518,-33.233156199999996,116.06863899999999,71,23,2024-03-05T07:20:00.439Z
LV518,-33.2331564,116.06863879999999,71,24,2024-03-05T07:19:00.381Z
LV518,-33.2331565,116.0686386,71,24,2024-03-05T07:18:00.136Z
LV518,-33.2331566,116.0686411,71,23,2024-03-05T07:17:00.133Z
LV518,-33.2336247,116.06943349999999,71,22,2024-03-05T07:16:00.132Z
LV518,-33.235552999999996,116.07139079999999,71,23,2024-03-05T07:14:59.876Z
LV518,-33.2366448,116.0709821,71,25,2024-03-05T07:13:59.629Z
LV518,-33.2366459,116.07098239999999,71,23,2024-03-05T07:12:59.624Z
LV518,-33.236651099999996,116.07100179999999,71,23,2024-03-05T07:11:59.619Z
LV518,-33.2365381,116.0713335,71,23,2024-03-05T07:10:59.438Z
LV518,-33.2365351,116.071333,71,23,2024-03-05T07:09:59.366Z
LV518,-33.2355188,116.0715024,71,21,2024-03-05T07:08:59.138Z
LV518,-33.2338928,116.0697981,71,25,2024-03-05T07:07:59.119Z
LV518,-33.2329237,116.0688436,71,31,2024-03-05T07:06:57.972Z
LV518,-33.232967699999996,116.06879819999999,71,26,2024-03-05T07:05:57.695Z
LV518,-33.232967699999996,116.06879819999999,71,21,2024-03-05T07:04:57.450Z
LV518,-33.232967699999996,116.06879819999999,71,21,2024-03-05T07:03:57.414Z
LV518,-33.232967699999996,116.06879819999999,71,22,2024-03-05T07:02:57.413Z
LV518,-33.232967699999996,116.06879819999999,71,25,2024-03-05T07:01:57.405Z
LV518,-33.232967699999996,116.06879819999999,71,22,2024-03-05T07:00:57.129Z
LV518,-33.232967699999996,116.06879819999999,71,21,2024-03-05T06:59:57.127Z
LV518,-33.232967699999996,116.06879819999999,71,21,2024-03-05T06:58:57.126Z
LV518,-33.232967699999996,116.06879819999999,71,26,2024-03-05T06:57:57.120Z
LV518,-33.232967699999996,116.06879819999999,71,22,2024-03-05T06:56:56.967Z
LV518,-33.232967699999996,116.06879819999999,71,22,2024-03-05T06:55:56.964Z
LV518,-33.232967699999996,116.06879819999999,71,25,2024-03-05T06:54:56.962Z
LV518,-33.232967699999996,116.06879819999999,71,21,2024-03-05T06:53:56.683Z
LV518,-33.232967699999996,116.06879819999999,71,22,2024-03-05T06:52:56.682Z
LV518,-33.232967699999996,116.06879819999999,71,22,2024-03-05T06:51:56.453Z
LV518,-33.232967699999996,116.06879819999999,71,26,2024-03-05T06:50:56.406Z
LV518,-33.232967699999996,116.06879819999999,71,22,2024-03-05T06:49:56.401Z
LV518,-33.232967699999996,116.06879819999999,71,22,2024-03-05T06:48:56.143Z
LV518,-33.232967699999996,116.06879819999999,71,22,2024-03-05T06:47:56.142Z
LV518,-33.232967699999996,116.06879819999999,71,0,2024-03-05T06:46:56.141Z
LV518,-33.232967699999996,116.06879819999999,71,0,2024-03-05T06:45:56.133Z
LV518,-33.232967699999996,116.06879819999999,71,22,2024-03-05T06:44:55.978Z
LV518,-33.232967699999996,116.06879819999999,71,22,2024-03-05T06:43:55.701Z
LV518,-33.232967699999996,116.06879819999999,71,22,2024-03-05T06:42:55.473Z
LV518,-33.232967699999996,116.06879819999999,71,25,2024-03-05T06:41:55.418Z
LV518,-33.232967699999996,116.06879819999999,71,24,2024-03-05T06:40:55.413Z
LV518,-33.232967699999996,116.06879819999999,71,22,2024-03-05T06:39:55.409Z
LV518,-33.232967699999996,116.06879819999999,71,22,2024-03-05T06:38:55.136Z
LV518,-33.232967699999996,116.06879819999999,71,23,2024-03-05T06:37:55.134Z
LV518,-33.232967699999996,116.06879819999999,71,22,2024-03-05T06:36:55.130Z
LV518,-33.232967699999996,116.06879819999999,71,25,2024-03-05T06:35:54.977Z
LV518,-33.232967699999996,116.06879819999999,71,22,2024-03-05T06:34:54.973Z
LV518,-33.232967699999996,116.06879819999999,71,26,2024-03-05T06:33:54.969Z
LV518,-33.232967699999996,116.06879819999999,71,26,2024-03-05T06:32:54.968Z
LV518,-33.232967699999996,116.06879819999999,71,24,2024-03-05T06:31:54.690Z
LV518,-33.232967699999996,116.06879819999999,71,26,2024-03-05T06:30:54.473Z
LV518,-33.232967699999996,116.06879819999999,71,23,2024-03-05T06:29:54.408Z
LV518,-33.232967699999996,116.06879819999999,71,24,2024-03-05T06:28:54.406Z
LV518,-33.232967699999996,116.06879819999999,71,24,2024-03-05T06:27:54.401Z
LV518,-33.232967699999996,116.06879819999999,71,24,2024-03-05T06:26:55.124Z
LV518,-33.232967699999996,116.06879819999999,71,24,2024-03-05T06:25:54.966Z
LV518,-33.232967699999996,116.06879819999999,71,24,2024-03-05T06:24:54.972Z
LV518,-33.232967699999996,116.06879819999999,71,24,2024-03-05T06:23:54.691Z
LV518,-33.232967699999996,116.06879819999999,71,22,2024-03-05T06:22:54.689Z
LV518,-33.232967699999996,116.06879819999999,71,22,2024-03-05T06:21:54.480Z
LV518,-33.232967699999996,116.06879819999999,71,22,2024-03-05T06:20:54.411Z
LV518,-33.232967699999996,116.06879819999999,71,26,2024-03-05T06:19:54.409Z
LV518,-33.232967699999996,116.06879819999999,71,22,2024-03-05T06:18:54.408Z
LV518,-33.232967699999996,116.06879819999999,71,22,2024-03-05T06:17:54.151Z
LV518,-33.232967699999996,116.06879819999999,71,23,2024-03-05T06:16:53.992Z
LV518,-33.232967699999996,116.06879819999999,71,25,2024-03-05T06:15:53.712Z
LV518,-33.232967699999996,116.06879819999999,71,22,2024-03-05T06:14:53.704Z
LV518,-33.232967699999996,116.06879819999999,71,22,2024-03-05T06:13:53.500Z
LV518,-33.232967699999996,116.06879819999999,71,23,2024-03-05T06:12:53.429Z
LV518,-33.232967699999996,116.06879819999999,71,0,2024-03-05T06:11:53.424Z
LV518,-33.232967699999996,116.06879819999999,71,0,2024-03-05T06:10:53.419Z
LV518,-33.232967699999996,116.06879819999999,71,22,2024-03-05T06:09:53.141Z
LV518,-33.232967699999996,116.06879819999999,71,22,2024-03-05T06:08:53.139Z
LV518,-33.232967699999996,116.06879819999999,71,22,2024-03-05T06:07:52.983Z
LV518,-33.232967699999996,116.06879819999999,71,23,2024-03-05T06:06:52.705Z
LV518,-33.2329682,116.0687978,71,22,2024-03-05T06:05:52.635Z
LV518,-33.2329674,116.06879869999999,71,22,2024-03-05T06:04:52.633Z
LV518,-33.2329672,116.06880629999999,71,22,2024-03-05T06:03:52.632Z
LV518,-33.2329687,116.0688069,71,25,2024-03-05T06:02:52.628Z
LV518,-33.232965799999995,116.0687976,71,22,2024-03-05T06:01:52.628Z
LV518,-33.232963999999996,116.0687957,71,22,2024-03-05T06:00:52.626Z
LV518,-33.2329649,116.0688057,71,22,2024-03-05T05:59:52.619Z
LV518,-33.2329674,116.06881179999999,71,25,2024-03-05T05:58:52.501Z
LV518,-33.2329678,116.0688091,71,22,2024-03-05T05:57:52.501Z
LV518,-33.232967699999996,116.0688047,71,23,2024-03-05T05:56:52.501Z
LV518,-33.2333212,116.069018,71,23,2024-03-05T05:55:52.521Z
LV518,-33.2326482,116.0701002,71,20,2024-03-05T05:54:52.424Z
LV518,-33.2327094,116.07016619999999,71,19,2024-03-05T05:53:52.144Z
LV518,-33.2327094,116.07016619999999,71,19,2024-03-05T05:52:51.984Z
LV518,-33.2327094,116.07016619999999,71,19,2024-03-05T05:51:51.981Z
LV518,-33.2327138,116.0701711,71,19,2024-03-05T05:50:51.892Z
LV518,-33.232711699999996,116.0701732,71,19,2024-03-05T05:49:51.877Z
LV518,-33.232713499999996,116.0701713,71,19,2024-03-05T05:48:51.638Z
LV518,-33.232711099999996,116.07016829999999,71,19,2024-03-05T05:47:51.521Z
LV518,-33.2327115,116.07016759999999,71,19,2024-03-05T05:46:51.386Z
LV518,-33.232713499999996,116.07016809999999,71,22,2024-03-05T05:45:51.383Z
LV518,-33.232713,116.0701721,71,19,2024-03-05T05:44:51.379Z
LV518,-33.2327138,116.0701768,71,19,2024-03-05T05:43:51.139Z
LV518,-33.2327151,116.0701749,71,19,2024-03-05T05:42:51.131Z
LV518,-33.2327142,116.0701732,71,23,2024-03-05T05:41:51.130Z
LV518,-33.2315385,116.07065569999999,71,26,2024-03-05T05:40:50.880Z
LV518,-33.228850699999995,116.07209759999999,71,29,2024-03-05T05:39:50.878Z
LV518,-33.225404499999996,116.07392499999999,71,29,2024-03-05T05:38:50.875Z
LV518,-33.2219176,116.0758182,71,26,2024-03-05T05:37:50.873Z
LV518,-33.204636799999996,116.085149,71,21,2024-03-05T05:35:50.885Z
LV518,-33.1951153,116.09027479999999,71,12,2024-03-05T05:34:50.638Z
LV518,-33.1878563,116.0941833,71,24,2024-03-05T05:33:50.633Z
LV518,-33.1787501,116.09908399999999,71,0,2024-03-05T05:32:50.540Z
LV518,-33.1712473,116.10313269999999,71,17,2024-03-05T05:31:50.388Z
LV518,-33.163001,116.10765099999999,71,15,2024-03-05T05:30:50.143Z
LV518,-33.1548655,116.1119408,71,13,2024-03-05T05:29:50.136Z
LV518,-33.149216599999995,116.11497829999999,71,0,2024-03-05T05:28:49.882Z
LV518,-33.1396115,116.120145,71,13,2024-03-05T05:27:49.879Z
LV518,-33.1294657,116.1256057,71,15,2024-03-05T05:26:49.877Z
LV518,-33.1150046,116.1333909,71,16,2024-03-05T05:24:49.623Z
LV518,-33.1109153,116.1355691,71,19,2024-03-05T05:23:49.541Z
LV518,-33.103499,116.1396625,71,0,2024-03-05T05:22:49.373Z
LV518,-33.0947074,116.14427959999999,71,12,2024-03-05T05:21:49.130Z
LV518,-33.0850089,116.1494774,71,15,2024-03-05T05:20:48.877Z
LV518,-33.0790319,116.1526943,71,15,2024-03-05T05:19:48.865Z
LV518,-33.0717092,116.1566404,71,16,2024-03-05T05:18:48.863Z
LV518,-33.066790499999996,116.1592692,71,18,2024-03-05T05:17:48.621Z
LV518,-33.062661999999996,116.16081969999999,71,23,2024-03-05T05:16:48.620Z
LV518,-33.062702099999996,116.16100979999999,71,25,2024-03-05T05:15:48.541Z
LV518,-33.0627091,116.1609855,71,16,2024-03-05T05:14:47.550Z
LV518,-33.0627091,116.1609855,71,16,2024-03-05T05:13:47.400Z
LV518,-33.0627091,116.1609855,71,16,2024-03-05T05:12:47.123Z
LV518,-33.062674099999995,116.1610082,71,16,2024-03-05T05:11:46.965Z
LV518,-33.062728199999995,116.1610115,71,16,2024-03-05T05:10:46.686Z
LV518,-33.0627035,116.1609998,71,16,2024-03-05T05:09:46.550Z
LV518,-33.0626878,116.16098699999999,71,16,2024-03-05T05:08:46.550Z
LV518,-33.0627025,116.1609764,71,16,2024-03-05T05:07:46.550Z
LV518,-33.0627025,116.1609764,71,16,2024-03-05T05:06:46.392Z
LV518,-33.0627025,116.1609764,71,16,2024-03-05T05:05:46.118Z
LV518,-33.0627025,116.1609764,71,16,2024-03-05T05:04:46.116Z
LV518,-33.062677799999996,116.1609979,71,16,2024-03-05T05:03:46.133Z
LV518,-33.0626989,116.1610013,71,16,2024-03-05T05:02:45.980Z
LV518,-33.0626989,116.1610013,71,16,2024-03-05T05:01:45.975Z
LV518,-33.0626989,116.1610013,71,16,2024-03-05T05:00:45.972Z
LV518,-33.0627067,116.1609989,71,16,2024-03-05T04:59:45.693Z
LV518,-33.0627031,116.1609982,71,16,2024-03-05T04:58:45.569Z
LV518,-33.0627031,116.1609982,71,16,2024-03-05T04:57:45.404Z
LV518,-33.0627171,116.16100809999999,71,16,2024-03-05T04:56:45.402Z
LV518,-33.062689,116.160992,71,16,2024-03-05T04:55:45.124Z
LV518,-33.0627309,116.16103509999999,71,16,2024-03-05T04:53:44.964Z
LV518,-33.062714899999996,116.16101909999999,71,16,2024-03-05T04:52:44.963Z
LV518,-33.0626901,116.1609891,71,16,2024-03-05T04:51:44.961Z
LV518,-33.062720399999996,116.1610291,71,16,2024-03-05T04:50:44.959Z
LV518,-33.062720399999996,116.1610291,71,16,2024-03-05T04:49:44.954Z
LV518,-33.0626896,116.161003,71,16,2024-03-05T04:48:44.677Z
LV518,-33.0626896,116.161003,71,16,2024-03-05T04:47:44.571Z
LV518,-33.0627153,116.1610092,71,16,2024-03-05T04:46:44.395Z
LV518,-33.0627153,116.1610092,71,16,2024-03-05T04:45:44.391Z
LV518,-33.062699099999996,116.160991,71,16,2024-03-05T04:44:44.112Z
LV518,-33.062699099999996,116.160991,71,16,2024-03-05T04:43:44.107Z
LV518,-33.062699099999996,116.160991,71,16,2024-03-05T04:42:43.952Z
LV518,-33.0627139,116.1610089,71,16,2024-03-05T04:41:44.854Z
LV518,-33.0626927,116.16100619999999,71,16,2024-03-05T04:40:44.850Z
LV518,-33.0627066,116.1610024,71,16,2024-03-05T04:39:44.847Z
LV518,-33.0627026,116.1609988,71,16,2024-03-05T04:38:44.606Z
LV518,-33.0626797,116.16100809999999,71,16,2024-03-05T04:37:44.599Z
LV518,-33.0627102,116.1610101,71,16,2024-03-05T04:36:44.598Z
LV518,-33.0627164,116.16100829999999,71,16,2024-03-05T04:35:44.616Z
LV518,-33.062697799999995,116.1610168,71,16,2024-03-05T04:34:44.596Z
LV518,-33.0627139,116.1610015,71,19,2024-03-05T04:33:44.596Z
LV518,-33.0627202,116.1610168,71,16,2024-03-05T04:32:44.369Z
LV518,-33.0610153,116.1661232,71,22,2024-03-05T04:30:44.123Z
LV518,-33.0578281,116.1734329,71,31,2024-03-05T04:29:43.871Z
LV518,-33.055157699999995,116.1798989,71,11,2024-03-05T04:28:43.867Z
LV518,-33.051542399999995,116.1886298,71,0,2024-03-05T04:27:43.856Z
LV518,-33.048572199999995,116.1958212,71,12,2024-03-05T04:26:43.615Z
LV518,-33.0448054,116.2049667,71,14,2024-03-05T04:25:43.611Z
LV518,-33.0412123,116.21364439999999,71,12,2024-03-05T04:24:43.611Z
LV518,-33.0376948,116.2221409,71,9,2024-03-05T04:23:43.607Z
LV518,-33.0344244,116.2299944,71,19,2024-03-05T04:22:43.599Z
LV518,-33.0331172,116.23322789999999,71,0,2024-03-05T04:21:43.596Z
LV518,-33.0300276,116.2408495,71,0,2024-03-05T04:20:43.366Z
LV518,-33.0267148,116.2486447,71,19,2024-03-05T04:19:43.361Z
LV518,-33.024484199999996,116.2554888,71,12,2024-03-05T04:18:43.113Z
LV518,-33.0208718,116.2627134,71,26,2024-03-05T04:17:43.111Z
LV518,-33.0176283,116.2705402,71,18,2024-03-05T04:16:43.110Z
LV518,-33.017095399999995,116.27196359999999,71,18,2024-03-05T04:15:41.958Z
LV518,-33.017095399999995,116.27196359999999,71,18,2024-03-05T04:14:41.955Z
LV518,-33.017095399999995,116.27196359999999,71,18,2024-03-05T04:13:41.796Z
LV518,-33.017095399999995,116.27196359999999,71,18,2024-03-05T04:12:41.676Z
LV518,-33.017095399999995,116.27196359999999,71,0,2024-03-05T04:11:41.674Z
LV518,-33.017095399999995,116.27196359999999,71,0,2024-03-05T04:10:41.673Z
LV518,-33.017095399999995,116.27196359999999,71,17,2024-03-05T04:09:41.605Z
LV518,-33.017095399999995,116.27196359999999,71,17,2024-03-05T04:08:41.515Z
LV518,-33.017095399999995,116.27196359999999,71,17,2024-03-05T04:07:41.388Z
LV518,-33.017095399999995,116.27196359999999,71,17,2024-03-05T04:06:41.388Z
LV518,-33.017095399999995,116.27196359999999,71,17,2024-03-05T04:05:41.107Z
LV518,-33.017095399999995,116.27196359999999,71,17,2024-03-05T04:04:42.110Z
LV518,-33.017095399999995,116.27196359999999,71,17,2024-03-05T04:03:42.109Z
LV518,-33.017095399999995,116.27196359999999,71,17,2024-03-05T04:02:41.955Z
LV518,-33.017095399999995,116.27196359999999,71,17,2024-03-05T04:01:41.793Z
LV518,-33.017095399999995,116.27196359999999,71,17,2024-03-05T04:00:41.613Z
LV518,-33.017097299999996,116.2719611,71,17,2024-03-05T03:59:41.600Z
LV518,-33.017098,116.2719685,71,16,2024-03-05T03:58:41.352Z
LV518,-33.0171024,116.2719657,71,16,2024-03-05T03:57:41.111Z
LV518,-33.0171016,116.2719664,71,16,2024-03-05T03:56:41.108Z
LV518,-33.017101,116.27196989999999,71,16,2024-03-05T03:55:41.124Z
LV518,-33.0171059,116.271974,71,16,2024-03-05T03:54:40.880Z
LV518,-33.0171012,116.2719673,71,16,2024-03-05T03:53:40.871Z
LV518,-33.017106399999996,116.2719769,71,12,2024-03-05T03:50:40.612Z
LV518,-33.0150617,116.2767459,71,12,2024-03-05T03:49:40.363Z
LV518,-33.0118045,116.28460469999999,71,13,2024-03-05T03:48:40.358Z
LV518,-33.0086505,116.29220199999999,71,10,2024-03-05T03:47:40.122Z
LV518,-33.005019,116.3009618,71,0,2024-03-05T03:46:40.115Z
LV518,-32.998456499999996,116.3167587,71,14,2024-03-05T03:44:39.855Z
LV518,-32.9960175,116.3226413,71,14,2024-03-05T03:43:39.634Z
LV518,-32.9890158,116.3395424,71,26,2024-03-05T03:41:39.352Z
LV518,-32.9861888,116.3465301,71,13,2024-03-05T03:40:39.347Z
LV518,-32.982943999999996,116.3540975,71,26,2024-03-05T03:39:39.345Z
LV518,-32.9799569,116.36129609999999,71,0,2024-03-05T03:38:39.104Z
LV518,-32.9771773,116.36801249999999,71,29,2024-03-05T03:34:38.620Z
LV518,-32.9768006,116.36891159999999,71,29,2024-03-05T03:33:38.367Z
LV518,-32.9751791,116.3730317,71,25,2024-03-05T03:32:38.121Z
LV518,-32.9724374,116.3793785,71,24,2024-03-05T03:31:37.869Z
LV518,-32.9695101,116.38643739999999,71,16,2024-03-05T03:30:37.865Z
LV518,-32.9693209,116.3868756,71,14,2024-03-05T03:29:37.863Z
LV518,-32.966395299999995,116.3939303,71,20,2024-03-05T03:28:37.653Z
LV518,-32.9634253,116.4010271,71,0,2024-03-05T03:27:37.615Z
LV518,-32.960031799999996,116.40922549999999,71,19,2024-03-05T03:26:37.606Z
LV518,-32.957066399999995,116.4164069,71,31,2024-03-05T03:25:37.361Z
LV518,-32.9549029,116.4220024,71,31,2024-03-05T03:24:37.359Z
LV518,-32.952279,116.4278461,71,0,2024-03-05T03:23:37.354Z
LV518,-32.9489006,116.4359406,71,13,2024-03-05T03:22:37.352Z
LV518,-32.9458611,116.4432332,71,18,2024-03-05T03:21:37.352Z
LV518,-32.943859599999996,116.4480378,71,23,2024-03-05T03:20:37.350Z
LV518,-32.9432894,116.4494072,71,18,2024-03-05T03:19:37.114Z
LV518,-32.9420095,116.4524831,71,13,2024-03-05T03:18:37.112Z
LV518,-32.9420074,116.45246809999999,71,13,2024-03-05T03:17:37.129Z
LV518,-32.9417313,116.4533062,71,16,2024-03-05T03:15:36.867Z
LV518,-32.9417317,116.4533056,71,30,2024-03-05T03:14:36.861Z
LV518,-32.941729599999995,116.45330519999999,71,17,2024-03-05T03:13:36.673Z
LV518,-32.941774599999995,116.4547321,71,28,2024-03-05T03:12:36.648Z
LV518,-32.9400668,116.45409,71,31,2024-03-05T03:11:36.618Z
LV518,-32.9371876,116.45497669999999,71,29,2024-03-05T03:10:36.611Z
LV518,-32.9330717,116.45249039999999,71,0,2024-03-05T03:09:36.610Z
LV518,-32.9269094,116.4491334,71,19,2024-03-05T03:08:36.360Z
LV518,-32.920425699999996,116.4457248,71,15,2024-03-05T03:07:36.129Z
LV518,-32.9194038,116.450453,71,15,2024-03-05T03:06:36.121Z
LV518,-32.919398099999995,116.4504601,71,15,2024-03-05T03:05:35.872Z
LV518,-32.9193985,116.4504592,71,15,2024-03-05T03:04:35.674Z
LV518,-32.919683,116.4530245,71,18,2024-03-05T03:03:35.674Z
LV518,-32.9201,116.4556089,71,0,2024-03-05T03:02:35.673Z
LV518,-32.9201,116.4556089,71,0,2024-03-05T03:01:35.396Z
LV518,-32.9201,116.4556089,71,0,2024-03-05T03:00:35.394Z
LV518,-32.9201,116.4556089,71,15,2024-03-05T02:59:35.390Z
LV518,-32.9201,116.4556089,71,15,2024-03-05T02:58:35.115Z
LV518,-32.9201,116.4556089,71,15,2024-03-05T02:57:35.131Z
LV518,-32.9201,116.4556089,71,15,2024-03-05T02:56:35.128Z
LV518,-32.9201,116.4556089,71,19,2024-03-05T02:55:34.976Z
LV518,-32.9201,116.4556089,71,14,2024-03-05T02:54:34.814Z
LV518,-32.9201,116.4556089,71,14,2024-03-05T02:53:34.698Z
LV518,-32.9201,116.4556089,71,14,2024-03-05T02:52:34.687Z
LV518,-32.9201,116.4556089,71,14,2024-03-05T02:51:34.409Z
LV518,-32.9201,116.4556089,71,16,2024-03-05T02:50:34.406Z
LV518,-32.9201012,116.4556102,71,16,2024-03-05T02:43:33.694Z
LV518,-32.9201017,116.4556137,71,16,2024-03-05T02:41:33.642Z
LV518,-32.9201005,116.4556131,71,16,2024-03-05T02:40:33.607Z
LV518,-32.9201024,116.4556085,71,16,2024-03-05T02:34:32.914Z
LV518,-32.919832,116.4480827,71,15,2024-03-05T02:31:32.626Z
LV518,-32.9149218,116.4428336,71,27,2024-03-05T02:30:32.615Z
LV518,-32.9071674,116.4387598,71,23,2024-03-05T02:29:32.609Z
LV518,-32.9000117,116.4351157,71,0,2024-03-05T02:28:32.362Z
LV518,-32.8921865,116.43246099999999,71,0,2024-03-05T02:27:32.124Z
LV518,-32.8838802,116.4311635,71,0,2024-03-05T02:26:32.123Z
LV518,-32.880183099999996,116.42870269999999,71,0,2024-03-05T02:25:31.892Z
LV518,-32.8775555,116.43108339999999,71,28,2024-03-05T02:24:31.714Z
LV518,-32.8694183,116.4323379,71,28,2024-03-05T02:23:31.607Z
LV518,-32.8636401,116.43356659999999,71,16,2024-03-05T02:22:31.366Z
LV518,-32.863710999999995,116.43488099999999,71,16,2024-03-05T02:21:31.357Z
LV518,-32.8634722,116.4358,71,30,2024-03-05T02:20:31.115Z
LV518,-32.8634722,116.4358,71,30,2024-03-05T02:19:31.114Z
LV518,-32.8634722,116.4358,71,30,2024-03-05T02:18:30.962Z
LV518,-32.8634722,116.4358,71,30,2024-03-05T02:17:30.733Z
LV518,-32.8634722,116.4358,71,30,2024-03-05T02:16:30.695Z
LV518,-32.8634722,116.4358,71,30,2024-03-05T02:15:30.415Z
LV518,-32.8634722,116.4358,71,30,2024-03-05T02:14:30.412Z
LV518,-32.8634722,116.4358,71,30,2024-03-05T02:13:30.409Z
LV518,-32.8634722,116.4358,71,30,2024-03-05T02:12:30.129Z
LV518,-32.8634722,116.4358,71,30,2024-03-05T02:11:30.126Z
LV518,-32.8634722,116.4358,71,30,2024-03-05T02:10:29.970Z
LV518,-32.8634722,116.4358,71,30,2024-03-05T02:09:29.965Z
LV518,-32.8634722,116.4358,71,30,2024-03-05T02:08:29.965Z
LV518,-32.8634722,116.4358,71,30,2024-03-05T02:07:29.965Z
LV518,-32.8634722,116.4358,71,30,2024-03-05T02:06:29.960Z
LV518,-32.8634722,116.4358,71,30,2024-03-05T02:05:29.733Z
LV518,-32.8634722,116.4358,71,30,2024-03-05T02:04:29.681Z
LV518,-32.8634722,116.4358,71,30,2024-03-05T02:03:29.677Z
LV518,-32.8634722,116.4358,71,30,2024-03-05T02:02:29.397Z
LV518,-32.8634722,116.4358,71,30,2024-03-05T02:01:29.397Z
LV518,-32.8634722,116.4358,71,30,2024-03-05T02:00:29.116Z
LV518,-32.8634722,116.4358,71,30,2024-03-05T01:59:28.960Z
LV518,-32.8634722,116.4358,71,30,2024-03-05T01:58:28.962Z
LV518,-32.8634722,116.4358,71,30,2024-03-05T01:57:28.741Z
LV518,-32.8634722,116.4358,71,30,2024-03-05T01:56:28.679Z
LV518,-32.8634722,116.4358,71,13,2024-03-05T01:55:28.401Z
LV518,-32.8634722,116.4358,71,30,2024-03-05T01:54:28.395Z
LV518,-32.8634722,116.4358,71,30,2024-03-05T01:53:28.394Z
LV518,-32.8634722,116.4358,71,30,2024-03-05T01:52:28.392Z
LV518,-32.8634722,116.4358,71,30,2024-03-05T01:51:28.393Z
LV518,-32.8634722,116.4358,71,30,2024-03-05T01:50:28.391Z
LV518,-32.8634722,116.4358,71,30,2024-03-05T01:49:28.247Z
LV518,-32.8634722,116.4358,71,30,2024-03-05T01:48:27.973Z
LV518,-32.8634722,116.4358,71,30,2024-03-05T01:47:27.971Z
LV518,-32.8634722,116.4358,71,30,2024-03-05T01:46:27.756Z
LV518,-32.8634722,116.4358,71,30,2024-03-05T01:45:27.683Z
LV518,-32.8634722,116.4358,71,30,2024-03-05T01:44:27.403Z
LV518,-32.8634722,116.4358,71,30,2024-03-05T01:43:27.401Z
LV518,-32.8634722,116.4358,71,30,2024-03-05T01:42:27.396Z
LV518,-32.8634722,116.4358,71,30,2024-03-05T01:41:27.119Z
LV518,-32.8634722,116.4358,71,30,2024-03-05T01:40:27.118Z
LV518,-32.8634722,116.4358,71,30,2024-03-05T01:39:27.116Z
LV518,-32.8634722,116.4358,71,30,2024-03-05T01:38:27.113Z
LV518,-32.8634722,116.4358,71,30,2024-03-05T01:37:26.955Z
LV518,-32.8634722,116.4358,71,30,2024-03-05T01:36:26.961Z
LV518,-32.8634722,116.4358,71,30,2024-03-05T01:35:26.960Z
LV518,-32.8634722,116.4358,71,30,2024-03-05T01:34:26.764Z
LV518,-32.8634722,116.4358,71,30,2024-03-05T01:33:26.675Z
LV518,-32.8634722,116.4358,71,30,2024-03-05T01:32:26.671Z
LV518,-32.8634722,116.4358,71,30,2024-03-05T01:31:26.392Z
LV518,-32.8634722,116.4358,71,18,2024-03-05T01:30:26.389Z
LV518,-32.8634722,116.4358,71,18,2024-03-05T01:29:26.389Z
LV518,-32.8634722,116.4358,71,18,2024-03-05T01:28:26.111Z
LV518,-32.8634722,116.4358,71,18,2024-03-05T01:27:26.112Z
LV518,-32.8634722,116.4358,71,18,2024-03-05T01:26:25.066Z
LV518,-32.8634722,116.4358,71,18,2024-03-05T01:25:24.953Z
LV518,-32.8634722,116.4358,71,18,2024-03-05T01:24:25.955Z
LV518,-32.8634722,116.4358,71,18,2024-03-05T01:23:24.911Z
LV518,-32.8634722,116.4358,71,0,2024-03-05T01:22:24.772Z
LV518,-32.8634722,116.4358,71,0,2024-03-05T01:21:25.675Z
LV518,-32.8634722,116.4358,71,0,2024-03-05T01:20:24.625Z
LV518,-32.8634722,116.4358,71,30,2024-03-05T01:19:25.388Z
LV518,-32.8634722,116.4358,71,30,2024-03-05T01:18:24.347Z
LV518,-32.8634722,116.4358,71,30,2024-03-05T01:17:24.348Z
LV518,-32.8634722,116.4358,71,30,2024-03-05T01:16:25.108Z
LV518,-32.8634722,116.4358,71,31,2024-03-05T01:15:25.108Z
LV518,-32.8634722,116.4358,71,31,2024-03-05T01:14:25.108Z
LV518,-32.8634722,116.4358,71,31,2024-03-05T01:13:24.955Z
LV518,-32.8634722,116.4358,71,29,2024-03-05T01:12:23.907Z
LV518,-32.8634722,116.4358,71,29,2024-03-05T01:11:24.783Z
LV518,-32.8634722,116.4358,71,29,2024-03-05T01:10:24.671Z
LV518,-32.8634722,116.4358,71,0,2024-03-05T01:09:24.667Z
LV518,-32.8634722,116.4358,71,0,2024-03-05T01:08:23.630Z
LV518,-32.8634722,116.4358,71,30,2024-03-05T01:06:24.390Z
LV518,-32.8634722,116.4358,71,30,2024-03-05T01:05:23.350Z
LV518,-32.8634722,116.4358,71,30,2024-03-05T01:04:23.074Z
LV518,-32.8634722,116.4358,71,30,2024-03-05T01:03:23.950Z
LV518,-32.8634722,116.4358,71,30,2024-03-05T01:02:23.795Z
LV518,-32.8634722,116.4358,71,30,2024-03-05T01:01:22.795Z
LV518,-32.8634722,116.4358,71,30,2024-03-05T01:00:23.667Z
LV518,-32.8634722,116.4358,71,30,2024-03-05T00:59:23.390Z
LV518,-32.8634722,116.4358,71,30,2024-03-05T00:58:23.388Z
LV518,-32.8634722,116.4358,71,30,2024-03-05T00:57:22.349Z
LV518,-32.8634722,116.4358,71,30,2024-03-05T00:56:23.109Z
LV518,-32.8634722,116.4358,71,30,2024-03-05T00:55:23.103Z
LV518,-32.8634722,116.4358,71,30,2024-03-05T00:54:22.069Z
LV518,-32.8634722,116.4358,71,30,2024-03-05T00:53:22.955Z
LV518,-32.8634722,116.4358,71,0,2024-03-05T00:52:22.804Z
LV518,-32.8634722,116.4358,71,0,2024-03-05T00:51:21.636Z
LV518,-32.8634722,116.4358,71,0,2024-03-05T00:50:21.633Z
LV518,-32.8634722,116.4358,71,30,2024-03-05T00:49:22.391Z
LV518,-32.8634722,116.4358,71,30,2024-03-05T00:48:22.113Z
LV518,-32.8634722,116.4358,71,18,2024-03-05T00:47:21.957Z
LV518,-32.8634722,116.4358,71,30,2024-03-05T00:45:20.916Z
LV518,-32.8634722,116.4358,71,30,2024-03-05T00:44:20.815Z
LV518,-32.8634722,116.4358,71,30,2024-03-05T00:43:20.815Z
LV518,-32.8634722,116.4358,71,30,2024-03-05T00:42:21.683Z
LV518,-32.8634722,116.4358,71,30,2024-03-05T00:41:20.640Z
LV518,-32.8634722,116.4358,71,0,2024-03-05T00:40:21.401Z
LV518,-32.8634722,116.4358,71,18,2024-03-05T00:39:21.397Z
LV518,-32.8634722,116.4358,71,31,2024-03-05T00:38:21.123Z
LV518,-32.8634722,116.4358,71,31,2024-03-05T00:37:21.120Z
LV518,-32.8634722,116.4358,71,31,2024-03-05T00:36:21.119Z
LV518,-32.8634722,116.4358,71,31,2024-03-05T00:35:20.959Z
LV518,-32.8634722,116.4358,71,31,2024-03-05T00:34:20.826Z
LV518,-32.8634722,116.4358,71,31,2024-03-05T00:33:20.676Z
LV518,-32.8634722,116.4358,71,31,2024-03-05T00:32:20.401Z
LV518,-32.8634722,116.4358,71,31,2024-03-05T00:31:20.397Z
LV518,-32.8634722,116.4358,71,30,2024-03-05T00:30:20.131Z
LV518,-32.8634723,116.4357995,71,30,2024-03-05T00:29:20.130Z
LV518,-32.8634737,116.4358017,71,30,2024-03-05T00:28:19.882Z
LV518,-32.8634742,116.4358022,71,30,2024-03-05T00:27:19.836Z
LV518,-32.863475099999995,116.43580159999999,71,30,2024-03-05T00:26:19.584Z
LV518,-32.863475099999995,116.4358017,71,30,2024-03-05T00:25:19.331Z
LV518,-32.863475,116.4358032,71,30,2024-03-05T00:24:19.123Z
LV518,-32.863475199999996,116.4358025,71,30,2024-03-05T00:23:19.085Z
LV518,-32.863475199999996,116.43580209999999,71,30,2024-03-05T00:22:18.869Z
LV518,-32.863475099999995,116.4358022,71,30,2024-03-05T00:21:18.866Z
LV518,-32.8634749,116.4358025,71,0,2024-03-05T00:20:18.865Z
LV518,-32.8631646,116.4354281,71,19,2024-03-05T00:19:18.847Z
LV518,-32.863479,116.434179,71,30,2024-03-05T00:18:18.630Z
LV518,-32.8606926,116.4340211,71,30,2024-03-05T00:17:18.628Z
LV518,-32.8523547,116.4355179,71,22,2024-03-05T00:16:18.619Z
LV518,-32.8438568,116.4371388,71,22,2024-03-05T00:15:18.614Z
LV518,-32.843077799999996,116.43751379999999,71,25,2024-03-05T00:14:18.375Z
LV518,-32.8430797,116.43751259999999,71,19,2024-03-05T00:13:18.373Z
LV518,-32.843079599999996,116.4375142,71,19,2024-03-05T00:12:18.371Z
LV518,-32.8430801,116.43751189999999,71,22,2024-03-05T00:11:18.129Z
LV518,-32.843297299999996,116.43724279999999,71,21,2024-03-05T00:09:17.896Z
LV518,-32.848692,116.4361454,71,29,2024-03-05T00:08:17.865Z
LV518,-32.8569071,116.43466959999999,71,31,2024-03-05T00:07:17.865Z
LV518,-32.8635762,116.4341152,71,30,2024-03-05T00:06:17.864Z
LV518,-32.8681157,116.43254189999999,71,30,2024-03-05T00:05:17.857Z
LV518,-32.8764713,116.4311584,71,18,2024-03-05T00:04:17.605Z
LV518,-32.8798068,116.4290635,71,0,2024-03-05T00:03:17.604Z
LV518,-32.883297999999996,116.4316444,71,19,2024-03-05T00:02:17.378Z
LV518,-32.891177899999995,116.43216919999999,71,19,2024-03-05T00:01:17.372Z
LV518,-32.899082799999995,116.4346839,71,0,2024-03-05T00:00:17.127Z
